,name,artist,danceability,energy,key,loudness,mode,speechiness,acousticness,instrumentalness,liveness,valence,tempo,duration_ms,hit
0,DON’T BLAME ME,TAYLOR SWIFT,0.615,0.534,9,-6.719,0,0.0386,0.106,1.76e-05,0.0607,0.193,135.917,236413,0
1,APOCALYPSE,CIGARETTES AFTER SEX,0.369,0.467,5,-9.018,1,0.0274,0.0194,0.46,0.109,0.174,94.473,290147,0
2,I WAS NEVER THERE,THE WEEKND,0.323,0.737,10,-4.008,1,0.0338,0.142,0.000162,0.163,0.155,113.26,241067,0
3,CALL OUT MY NAME,THE WEEKND,0.461,0.593,1,-4.954,1,0.0356,0.17,0.0,0.307,0.175,134.17,228373,0
4,AFTER THE STORM,KALI UCHIS,0.702,0.659,4,-6.766,0,0.13,0.301,0.00201,0.218,0.843,79.64,207455,0
5,LOVELY,BILLIE EILISH,0.351,0.296,4,-10.109,0,0.0333,0.934,0.0,0.095,0.12,115.284,200186,0
6,DELICATE,TAYLOR SWIFT,0.75,0.404,9,-10.178,0,0.0682,0.216,0.000357,0.0911,0.0499,95.045,232253,1
7,SLOW DANCING IN THE DARK,JOJI,0.515,0.479,3,-7.458,1,0.0261,0.544,0.00598,0.191,0.284,88.964,209274,0
8,GETAWAY CAR,TAYLOR SWIFT,0.562,0.689,2,-6.745,1,0.127,0.00465,2.23e-06,0.0888,0.351,172.054,233627,0
9,DANDELIONS,RUTH B.,0.609,0.692,1,-2.958,1,0.0259,0.0157,0.0,0.0864,0.454,116.959,233720,0
10,PASSIONFRUIT,DRAKE,0.809,0.463,11,-11.377,1,0.0396,0.256,0.085,0.109,0.364,111.98,298941,1
11,BROKEN CLOCKS,SZA,0.692,0.684,6,-7.364,1,0.155,0.131,0.0,0.156,0.406,112.912,231253,0
12,SUNSETZ,CIGARETTES AFTER SEX,0.412,0.477,9,-9.381,0,0.029,0.0542,0.798,0.0975,0.141,75.302,214680,0
13,...READY FOR IT?,TAYLOR SWIFT,0.613,0.764,2,-6.509,1,0.136,0.0527,0.0,0.197,0.417,160.015,208187,1
14,GOING BAD,MEEK MILL,0.889,0.496,4,-6.365,0,0.0905,0.259,0.0,0.252,0.544,86.003,180522,0
15,YOUNG DUMB & BROKE,KHALID,0.799,0.539,1,-6.351,1,0.0421,0.199,1.66e-05,0.165,0.394,136.948,202547,1
16,WE FELL IN LOVE IN OCTOBER,GIRL IN RED,0.566,0.366,7,-12.808,1,0.028,0.113,0.181,0.155,0.237,129.96,184154,0
17,K.,CIGARETTES AFTER SEX,0.454,0.404,3,-10.26,1,0.027,0.146,0.819,0.141,0.313,94.113,319560,0
18,LOOK WHAT YOU MADE ME DO,TAYLOR SWIFT,0.766,0.709,9,-6.471,0,0.123,0.204,1.41e-05,0.126,0.506,128.07,211853,1
19,SHOW ME HOW,MEN I TRUST,0.791,0.267,5,-11.997,1,0.0415,0.674,0.534,0.102,0.544,165.99,215111,0
20,TEENAGE FEVER,DRAKE,0.766,0.283,8,-10.33,0,0.0846,0.111,0.0172,0.115,0.144,97.04,219692,0
21,BELIEVER,IMAGINE DRAGONS,0.776,0.78,10,-4.374,0,0.128,0.0622,0.0,0.081,0.666,124.949,204347,1
22,ROCKSTAR,POST MALONE,0.585,0.52,5,-6.136,0,0.0712,0.124,7.01e-05,0.131,0.129,159.801,218147,1
23,YOU GET ME SO HIGH,THE NEIGHBOURHOOD,0.551,0.881,7,-6.099,0,0.0542,0.186,0.0791,0.152,0.387,88.036,153000,0
24,PERFECT,ED SHEERAN,0.599,0.448,8,-6.312,1,0.0232,0.163,0.0,0.106,0.168,95.05,263400,1
25,SOFTCORE,THE NEIGHBOURHOOD,0.575,0.568,9,-5.509,0,0.03,0.0484,0.000417,0.286,0.37,93.986,206280,0
26,GOD'S PLAN,DRAKE,0.754,0.449,7,-9.211,1,0.109,0.0332,8.29e-05,0.552,0.357,77.169,198973,1
27,MO BAMBA,SHECK WES,0.729,0.625,4,-5.266,1,0.0315,0.194,0.00986,0.248,0.261,146.034,183907,0
28,DEAD TO ME,KALI UCHIS,0.675,0.761,4,-4.469,0,0.0466,0.432,0.0,0.102,0.428,119.001,199506,0
29,BETTER,KHALID,0.596,0.552,0,-10.278,0,0.097,0.0765,0.334,0.104,0.112,97.949,229320,1
30,LET YOU DOWN,NF,0.662,0.714,5,-5.68,0,0.121,0.312,0.0,0.179,0.464,147.997,212120,1
31,THUNDER,IMAGINE DRAGONS,0.605,0.822,0,-4.833,1,0.0438,0.00671,0.134,0.147,0.288,167.997,187147,1
32,LOVE GALORE,SZA,0.795,0.594,0,-6.2,1,0.0748,0.112,0.0,0.162,0.409,135.002,275080,0
33,THERE'S NOTHING HOLDIN' ME BACK,SHAWN MENDES,0.866,0.813,11,-4.063,0,0.0554,0.38,0.0,0.0779,0.969,121.998,199440,1
34,HIGH HOPES,PANIC! AT THE DISCO,0.579,0.904,5,-2.729,1,0.0618,0.193,0.0,0.064,0.681,82.014,190947,1
35,SUNFLOWER - SPIDER-MAN: INTO THE SPIDER-VERSE,POST MALONE,0.76,0.479,2,-5.574,1,0.0466,0.556,0.0,0.0703,0.913,89.911,158040,0
36,LOCATION,KHALID,0.736,0.449,1,-11.462,0,0.425,0.33,0.000162,0.0898,0.326,80.126,219080,1
37,BORED,BILLIE EILISH,0.614,0.318,7,-12.695,1,0.0478,0.896,0.00239,0.0795,0.112,119.959,180933,0
38,GORGEOUS,TAYLOR SWIFT,0.8,0.535,7,-6.684,1,0.135,0.0713,9.48e-06,0.213,0.451,92.027,209680,0
39,I DID SOMETHING BAD,TAYLOR SWIFT,0.696,0.602,0,-6.156,0,0.159,0.0679,2.11e-05,0.0696,0.305,82.989,238253,0
40,8TEEN,KHALID,0.83,0.585,1,-5.802,1,0.0366,0.225,0.00209,0.0576,0.642,105.03,228600,0
41,SIGN OF THE TIMES,HARRY STYLES,0.516,0.595,5,-4.63,1,0.0313,0.0275,0.0,0.109,0.222,119.972,340707,1
42,SHAPE OF YOU,ED SHEERAN,0.825,0.652,1,-3.183,0,0.0802,0.581,0.0,0.0931,0.931,95.977,233713,1
43,BETTER NOW,POST MALONE,0.68,0.578,10,-5.804,1,0.04,0.331,0.0,0.135,0.341,145.038,231267,1
44,SHALLOW,LADY GAGA,0.572,0.385,7,-6.362,1,0.0308,0.371,0.0,0.231,0.323,95.799,215733,1
45,TREAT YOU BETTER,SHAWN MENDES,0.444,0.819,10,-4.078,0,0.341,0.106,0.0,0.107,0.747,82.695,187973,0
46,THE MIDDLE,ZEDD,0.753,0.657,7,-3.061,1,0.0449,0.171,0.0,0.112,0.437,107.01,184732,1
47,IDONTWANNABEYOUANYMORE,BILLIE EILISH,0.483,0.412,7,-8.461,1,0.0402,0.737,0.0,0.116,0.247,170.163,203569,0
48,SOMETHING JUST LIKE THIS,THE CHAINSMOKERS,0.617,0.635,11,-6.769,0,0.0317,0.0498,1.44e-05,0.164,0.446,103.019,247160,1
49,THE WEEKEND,SZA,0.4,0.366,8,-9.405,0,0.0597,0.242,0.0,0.126,0.161,73.313,272187,0
50,NICE FOR WHAT,DRAKE,0.585,0.909,8,-6.474,1,0.0707,0.0891,9.7e-05,0.119,0.758,93.372,210747,1
51,HAPPIER,MARSHMELLO,0.687,0.792,5,-2.749,1,0.0452,0.191,0.0,0.167,0.671,100.015,214290,1
52,TOO GOOD AT GOODBYES,SAM SMITH,0.681,0.372,5,-8.237,1,0.0432,0.64,0.0,0.169,0.476,91.873,201000,1
53,FROM THE SUBWAY TRAIN,VANSIRE,0.392,0.429,5,-10.279,0,0.0462,0.527,0.015,0.217,0.105,72.104,57370,0
54,BEGGIN',MÅNESKIN,0.714,0.8,11,-4.808,0,0.0504,0.127,0.0,0.359,0.589,134.002,211560,0
55,GOODIE BAG,STILL WOOZY,0.739,0.522,7,-12.304,0,0.151,0.821,0.00124,0.233,0.619,138.263,146390,0
56,YOUNGBLOOD,5 SECONDS OF SUMMER,0.596,0.854,7,-5.114,0,0.463,0.0169,0.0,0.124,0.152,120.274,203418,1
57,I LIKE ME BETTER,LAUV,0.753,0.505,9,-7.621,1,0.255,0.534,2.58e-06,0.104,0.419,91.972,197437,1
58,UNFORGETTABLE,FRENCH MONTANA,0.726,0.769,6,-5.043,1,0.123,0.0293,0.0101,0.104,0.733,97.985,233902,1
59,ONE KISS,CALVIN HARRIS,0.791,0.862,9,-3.24,0,0.11,0.037,2.19e-05,0.0814,0.592,123.994,214847,1
60,YEAH RIGHT,JOJI,0.672,0.588,1,-9.573,1,0.133,0.619,0.241,0.0992,0.204,169.033,174358,0
61,MOTION SICKNESS,PHOEBE BRIDGERS,0.651,0.546,1,-9.021,1,0.0357,0.774,0.0437,0.0842,0.623,107.021,229760,0
62,SILENCE,MARSHMELLO,0.52,0.761,4,-3.093,1,0.0853,0.256,4.96e-06,0.17,0.286,141.971,180823,1
63,LET ME DOWN SLOWLY,ALEC BENJAMIN,0.652,0.557,1,-5.714,0,0.0318,0.74,0.0,0.124,0.483,150.073,169354,0
64,SWEET,CIGARETTES AFTER SEX,0.448,0.511,6,-9.084,1,0.0274,0.362,0.823,0.129,0.112,96.321,291640,0
65,DRESS,TAYLOR SWIFT,0.719,0.469,0,-8.792,1,0.0533,0.0329,0.0,0.169,0.0851,120.085,230373,0
66,EASTSIDE,BENNY BLANCO,0.632,0.686,6,-7.665,0,0.243,0.549,0.0,0.2,0.329,89.949,170770,1
67,NORMAL GIRL,SZA,0.624,0.532,0,-7.146,1,0.124,0.269,5.17e-05,0.158,0.362,76.453,253587,0
68,CALL IT WHAT YOU WANT,TAYLOR SWIFT,0.598,0.504,9,-9.874,1,0.0731,0.186,0.000221,0.34,0.252,163.954,203507,0
69,THIS TOWN,NIALL HORAN,0.677,0.401,9,-8.467,1,0.0308,0.712,0.0,0.116,0.195,111.825,232852,1
70,WATCH,BILLIE EILISH,0.441,0.599,0,-8.985,1,0.225,0.333,0.00198,0.103,0.35,165.212,177523,0
71,I LIKE IT,CARDI B,0.816,0.726,5,-3.998,0,0.129,0.099,0.0,0.372,0.65,136.048,253390,1
72,DREW BARRYMORE,SZA,0.577,0.523,0,-5.538,0,0.0429,0.491,0.0,0.147,0.29,134.93,231400,0
73,BAD AT LOVE,HALSEY,0.675,0.751,0,-3.539,1,0.0296,0.0604,0.0,0.0893,0.612,118.384,181279,1
74,MERCY,SHAWN MENDES,0.555,0.662,11,-4.952,0,0.0827,0.125,0.0,0.111,0.356,148.128,208733,1
75,END GAME,TAYLOR SWIFT,0.649,0.589,2,-6.237,1,0.0558,0.00845,0.0,0.108,0.151,159.073,244827,1
76,WHATEVER IT TAKES,IMAGINE DRAGONS,0.672,0.655,10,-5.021,0,0.0311,0.0362,0.0,0.117,0.556,134.945,201240,1
77,LIE,NF,0.513,0.661,5,-6.419,1,0.24,0.161,0.0,0.246,0.179,94.791,209213,1
78,CANDY PAINT,POST MALONE,0.664,0.667,4,-5.941,1,0.154,0.64,1.22e-06,0.0753,0.381,180.064,227533,0
79,PROM QUEEN,BEACH BUNNY,0.528,0.797,4,-7.487,1,0.0485,0.000391,0.011,0.14,0.751,143.785,136562,0
80,FLAMING HOT CHEETOS,CLAIRO,0.817,0.551,7,-9.33,0,0.133,0.865,0.000151,0.101,0.142,109.966,123884,0
81,ATTENTION,CHARLIE PUTH,0.775,0.613,3,-4.586,0,0.0542,0.109,2.33e-05,0.134,0.797,100.066,208787,1
82,KING OF MY HEART,TAYLOR SWIFT,0.675,0.703,0,-7.902,1,0.0382,0.00882,2.21e-06,0.0391,0.314,110.01,214320,0
83,PSYCHO,POST MALONE,0.75,0.56,8,-8.094,1,0.105,0.546,0.0,0.111,0.459,140.06,221440,1
84,DANCING ON MY OWN,CALUM SCOTT,0.681,0.174,1,-8.745,1,0.0315,0.837,3.35e-05,0.0983,0.231,112.672,260285,1
85,DO NOT DISTURB,DRAKE,0.618,0.693,7,-5.943,0,0.45,0.246,0.0,0.112,0.454,170.982,283551,0
86,NATURAL,IMAGINE DRAGONS,0.704,0.611,2,-6.112,1,0.0409,0.217,0.0,0.0812,0.22,100.0,189467,1
87,WINE PON YOU,DOJA CAT,0.797,0.444,9,-7.738,0,0.0411,0.304,0.00126,0.107,0.138,95.035,219000,0
88,HAVANA,CAMILA CABELLO,0.765,0.523,2,-4.333,1,0.03,0.184,3.56e-05,0.132,0.394,104.988,217307,1
89,SORRY NOT SORRY,DEMI LOVATO,0.706,0.643,11,-6.929,0,0.234,0.0242,0.0,0.262,0.885,143.931,203760,1
90,OCEAN EYES,BILLIE EILISH,0.511,0.363,4,-7.65,0,0.041,0.816,0.0317,0.084,0.169,144.892,200379,0
91,MEANT TO BE,BEBE REXHA,0.643,0.783,10,-6.458,1,0.0856,0.047,0.0,0.083,0.579,154.084,163870,1
92,WHAT ONCE WAS,HER'S,0.526,0.877,3,-4.369,0,0.033,0.172,0.0108,0.223,0.436,145.568,255067,0
93,I DON’T WANNA LIVE FOREVER (FIFTY SHADES DARKER),ZAYN,0.731,0.445,0,-8.418,1,0.0533,0.0586,1.96e-05,0.14,0.106,117.97,247160,0
94,SUPERMODEL,SZA,0.613,0.442,6,-8.874,1,0.288,0.651,0.0,0.26,0.252,119.737,181120,0
95,HOLD ON,CHORD OVERSTREET,0.618,0.443,2,-9.681,1,0.0526,0.469,0.0,0.0829,0.167,119.949,198853,0
96,IF WE HAVE EACH OTHER,ALEC BENJAMIN,0.656,0.577,10,-5.566,0,0.0802,0.698,0.0,0.296,0.861,173.094,181522,0
97,REFLECTIONS,THE NEIGHBOURHOOD,0.648,0.594,11,-7.027,0,0.0293,0.114,0.0462,0.116,0.544,113.983,244013,0
98,LO QUE SIENTO,CUCO,0.327,0.684,10,-5.576,1,0.177,0.506,0.0,0.427,0.425,86.89,312000,0
99,CASTLE ON THE HILL,ED SHEERAN,0.461,0.834,2,-4.868,1,0.0989,0.0232,1.14e-05,0.14,0.471,135.007,261154,1
100,CAROLINE,AMINÉ,0.94,0.335,5,-10.179,0,0.505,0.17,0.0,0.262,0.707,120.04,209640,0
101,DANCING WITH OUR HANDS TIED,TAYLOR SWIFT,0.624,0.691,0,-6.686,0,0.196,0.0604,1.1e-05,0.138,0.284,160.024,211507,0
102,REEL IT IN,AMINÉ,0.754,0.342,10,-8.677,0,0.0991,0.073,0.0,0.193,0.423,128.981,121347,0
103,NEW RULES,DUA LIPA,0.762,0.7,9,-6.021,0,0.0694,0.00261,1.56e-05,0.153,0.608,116.073,209320,1
104,STAY,POST MALONE,0.507,0.48,5,-5.418,1,0.0266,0.449,0.0,0.147,0.35,86.046,204427,0
105,MINE,BAZZI,0.71,0.789,4,-3.874,1,0.0722,0.0161,2.77e-06,0.451,0.717,142.929,131064,1
106,BODY LIKE A BACK ROAD,SAM HUNT,0.732,0.458,5,-7.225,1,0.0311,0.447,0.0,0.136,0.661,98.938,165387,1
107,BELLYACHE,BILLIE EILISH,0.695,0.573,4,-8.597,0,0.106,0.46,0.0734,0.482,0.408,99.939,179172,0
108,IF YOU WANT LOVE,NF,0.551,0.386,0,-10.22,1,0.132,0.659,0.0,0.125,0.245,116.409,199387,0
109,MARLBORO NIGHTS,LONELY GOD,0.466,0.823,2,-6.635,1,0.311,0.00237,0.000321,0.332,0.782,175.797,68523,0
110,BEST FRIEND,REX ORANGE COUNTY,0.576,0.714,6,-5.247,1,0.0595,0.395,0.0,0.115,0.321,144.981,262231,0
111,ALWAYS REMEMBER US THIS WAY,LADY GAGA,0.553,0.502,0,-5.972,1,0.0409,0.299,0.0,0.764,0.296,129.976,210200,0
112,SLOW HANDS,NIALL HORAN,0.735,0.425,0,-6.648,1,0.0464,0.011,0.0,0.055,0.848,85.896,188174,1
113,WATER FOUNTAIN,ALEC BENJAMIN,0.723,0.504,8,-5.572,1,0.0392,0.388,7.4e-05,0.087,0.551,133.975,218893,0
114,WILD THOUGHTS,DJ KHALED,0.613,0.681,8,-3.089,1,0.0778,0.0287,0.0,0.126,0.619,97.621,204664,1
115,BODAK YELLOW,CARDI B,0.926,0.703,11,-6.337,0,0.103,0.0659,0.0,0.231,0.485,125.022,223713,0
116,BEIGE,YOKE LORE,0.434,0.677,10,-7.535,1,0.119,0.384,0.0684,0.119,0.218,167.923,204209,0
117,THIS IS WHY WE CAN'T HAVE NICE THINGS,TAYLOR SWIFT,0.567,0.789,5,-5.986,1,0.115,0.0156,0.0,0.382,0.438,163.96,207133,0
118,NO,MEGHAN TRAINOR,0.557,0.803,1,-3.599,0,0.213,0.0124,1.61e-06,0.737,0.657,92.134,213507,0
119,LET ME GO,HAILEE STEINFELD,0.664,0.708,8,-4.154,1,0.0474,0.0337,0.0,0.0841,0.742,103.07,174800,1
120,GOD IS A WOMAN,ARIANA GRANDE,0.602,0.658,1,-5.934,1,0.0558,0.0233,6e-05,0.237,0.268,145.031,197547,1
121,LOVE LIES,KHALID,0.708,0.648,6,-5.626,1,0.0449,0.0956,0.0,0.134,0.338,143.955,201707,1
122,GARDEN (SAY IT LIKE DAT),SZA,0.73,0.457,9,-7.26,1,0.283,0.0705,0.0,0.124,0.549,111.352,208400,0
123,WALLS COULD TALK,HALSEY,0.626,0.423,1,-6.035,1,0.0513,0.128,0.0,0.18,0.571,95.162,101790,0
124,BODY,LOUD LUXURY,0.752,0.764,1,-4.399,1,0.038,0.0476,9.44e-05,0.0543,0.582,121.958,163216,1
125,WOLVES,SELENA GOMEZ,0.724,0.804,11,-4.614,0,0.0448,0.124,0.0,0.204,0.306,124.987,197993,0
126,HOSTAGE,BILLIE EILISH,0.427,0.123,9,-15.228,0,0.0497,0.868,3.12e-05,0.0732,0.0394,129.565,229426,0
127,MALIBU,MILEY CYRUS,0.573,0.781,8,-6.406,1,0.0555,0.0767,2.64e-05,0.0813,0.343,139.934,231907,1
128,1-800-273-8255,LOGIC,0.62,0.574,5,-7.788,0,0.0479,0.569,0.0,0.19,0.357,100.023,250173,1
129,THRU YOUR PHONE,CARDI B,0.837,0.549,0,-5.722,1,0.167,0.17,0.0,0.057,0.209,121.954,188524,0
130,NO TEARS LEFT TO CRY,ARIANA GRANDE,0.699,0.713,9,-5.507,0,0.0594,0.04,3.11e-06,0.294,0.354,121.993,205920,1
131,IT AIN’T ME,KYGO,0.64,0.533,0,-6.596,1,0.0706,0.119,0.0,0.0864,0.515,99.968,220781,0
132,PLAIN JANE,A$AP FERG,0.797,0.844,11,-5.482,1,0.275,0.0651,0.0,0.087,0.52,170.142,173600,0
133,HARD TIMES,PARAMORE,0.695,0.818,5,-5.379,0,0.0334,0.00647,4.87e-06,0.0219,0.916,119.965,182693,0
134,GALWAY GIRL,ED SHEERAN,0.624,0.876,9,-3.374,1,0.1,0.0735,0.0,0.327,0.781,99.943,170827,0
135,4EVER,CLAIRO,0.75,0.585,9,-7.576,0,0.0285,0.049,0.00552,0.155,0.584,102.331,159595,0
136,SLIDE,CALVIN HARRIS,0.736,0.795,1,-3.299,0,0.0545,0.498,1.21e-06,0.254,0.511,104.066,230813,1
137,STAY,ZEDD,0.69,0.622,5,-5.025,0,0.0622,0.253,0.0,0.116,0.544,102.04,210091,1
138,I WANNA BE YOUR GIRLFRIEND,GIRL IN RED,0.541,0.382,7,-14.323,1,0.035,0.0215,0.000836,0.304,0.343,155.901,204991,0
139,DO RE MI,BLACKBEAR,0.745,0.593,8,-6.35,1,0.0524,0.00522,5.06e-06,0.123,0.17,111.001,212027,1
140,SUNFLOWER,REX ORANGE COUNTY,0.548,0.765,6,-4.463,1,0.0525,0.646,0.00378,0.522,0.573,129.933,252231,0
141,MEANT TO BE,BEBE REXHA,0.642,0.772,10,-6.61,1,0.0848,0.0476,0.0,0.0646,0.589,153.995,164205,1
142,BE ALRIGHT,DEAN LEWIS,0.553,0.586,11,-6.319,1,0.0362,0.697,0.0,0.0813,0.443,126.684,196373,1
143,THE WEEKEND - FUNK WAV REMIX,SZA,0.775,0.573,11,-4.933,1,0.0585,0.495,0.0,0.126,0.667,101.925,171806,0
144,ISSUES,JULIA MICHAELS,0.728,0.415,8,-6.852,1,0.0639,0.401,0.0,0.0616,0.455,114.145,176320,1
145,IDGAF,DUA LIPA,0.836,0.544,7,-5.975,1,0.0943,0.0403,0.0,0.0824,0.51,97.028,217947,1
146,SPORTS,BEACH BUNNY,0.231,0.877,9,-5.278,1,0.0574,0.000653,0.026,0.0694,0.524,186.142,164165,0
147,HAPPIER,ED SHEERAN,0.522,0.385,0,-7.355,1,0.0288,0.536,0.0,0.135,0.236,89.792,207520,0
148,IMITADORA,ROMEO SANTOS,0.737,0.709,8,-6.889,0,0.045,0.333,0.0,0.289,0.556,125.997,234829,0
149,FINESSE,DRAKE,0.807,0.319,0,-8.152,0,0.0581,0.133,0.000338,0.101,0.299,94.992,182080,0
150,GONNA LOVE ME,TEYANA TAYLOR,0.514,0.506,10,-7.095,0,0.28,0.402,2.56e-05,0.191,0.312,88.044,166998,0
151,EASTSIDE,BENNY BLANCO,0.56,0.68,6,-7.648,0,0.321,0.555,0.0,0.116,0.319,89.391,173800,1
152,FINESSE - REMIX; FEAT. CARDI B,BRUNO MARS,0.704,0.859,5,-4.877,0,0.0996,0.0185,0.0,0.0215,0.926,105.115,217289,0
153,KIWI,HARRY STYLES,0.375,0.93,2,-2.631,1,0.0561,0.00064,0.0,0.318,0.491,147.124,176387,1
154,DOVES IN THE WIND,SZA,0.693,0.713,10,-4.489,0,0.351,0.343,0.0,0.102,0.615,137.335,266080,0
155,INFINITY,JAYMES YOUNG,0.671,0.673,11,-6.941,0,0.0444,0.148,5.29e-05,0.304,0.494,121.963,237720,0
156,LOVING IS EASY,REX ORANGE COUNTY,0.756,0.609,3,-7.927,1,0.0544,0.217,0.00482,0.0959,0.537,117.024,155720,0
157,SLIDE,CALVIN HARRIS,0.736,0.795,1,-3.299,0,0.0545,0.498,1.21e-06,0.254,0.511,104.066,230813,1
158,2002,ANNE-MARIE,0.697,0.683,1,-2.881,0,0.117,0.0372,0.0,0.137,0.603,96.133,186987,1
159,OTW,KHALID,0.652,0.678,2,-6.183,1,0.0541,0.183,3.26e-05,0.106,0.28,72.989,263014,0
160,BITCHES BROKEN HEARTS,BILLIE EILISH,0.778,0.422,0,-10.114,1,0.0482,0.921,0.00924,0.0958,0.187,120.033,176472,0
161,PRAYING,KESHA,0.543,0.39,10,-7.202,1,0.0322,0.489,0.0,0.111,0.303,73.415,230267,1
162,THIS FEELING,THE CHAINSMOKERS,0.575,0.571,1,-7.906,1,0.0439,0.0558,0.0,0.0912,0.449,105.049,197947,1
163,LUSH LIFE,ZARA LARSSON,0.694,0.712,7,-3.923,0,0.046,0.132,0.0,0.211,0.799,98.023,201122,0
164,TIRED,BEABADOOBEE,0.63,0.418,7,-7.111,0,0.0254,0.483,0.15,0.111,0.345,140.037,199515,0
165,SO IT GOES...,TAYLOR SWIFT,0.574,0.61,2,-7.283,1,0.0732,0.122,1.1e-06,0.13,0.374,74.957,227907,0
166,HURT YOU,THE WEEKND,0.476,0.718,5,-7.227,0,0.149,0.263,0.00261,0.109,0.361,183.932,230027,0
167,GLORIOUS,MACKLEMORE,0.731,0.794,0,-5.126,0,0.0522,0.0323,2.59e-05,0.112,0.356,139.994,220454,1
168,COASTER,KHALID,0.441,0.219,8,-14.586,1,0.0419,0.935,0.0,0.115,0.244,94.021,199120,0
169,SATURDAY SUN,VANCE JOY,0.637,0.864,8,-4.381,1,0.0468,0.484,0.0,0.222,0.706,99.995,214720,0
170,NUMBERS,TEMPOREX,0.423,0.332,6,-10.761,1,0.0288,0.474,0.0,0.0993,0.5,93.958,127973,0
171,I FEEL LIKE I'M DROWNING,TWO FEET,0.717,0.577,8,-5.436,1,0.0491,0.708,0.00428,0.0899,0.235,104.927,185520,0
172,TELEVISION / SO FAR SO GOOD,REX ORANGE COUNTY,0.403,0.505,5,-7.75,1,0.0463,0.592,0.0,0.121,0.32,164.902,262600,0
173,WISH - TRIPPIE MIX,DIPLO,0.561,0.832,9,-7.661,1,0.0717,0.232,0.0,0.107,0.666,93.991,176874,0
174,HIM & I,G-EAZY,0.589,0.731,2,-6.343,1,0.0868,0.0534,0.0,0.308,0.191,87.908,268867,1
175,ME TOO,MEGHAN TRAINOR,0.934,0.694,11,-5.849,0,0.101,0.0971,1.2e-06,0.477,0.833,123.831,181240,0
176,SHOTGUN,GEORGE EZRA,0.673,0.735,5,-4.733,1,0.0457,0.286,0.0,0.242,0.754,115.744,201287,0
177,FEELS,CALVIN HARRIS,0.893,0.745,11,-3.105,0,0.0571,0.0642,0.0,0.0943,0.872,101.018,223413,1
178,HIGH ENOUGH,K.FLAY,0.606,0.62,0,-5.005,1,0.0298,0.0301,0.0916,0.167,0.543,88.984,231600,0
179,NO LIE,SEAN PAUL,0.742,0.882,7,-2.862,1,0.117,0.0466,0.0,0.206,0.463,102.04,221176,0
180,LIABILITY,LORDE,0.587,0.229,10,-11.254,0,0.128,0.92,0.0,0.1,0.379,75.67,171728,0
181,MY BOY,BILLIE EILISH,0.692,0.394,11,-8.745,0,0.207,0.472,0.000191,0.117,0.324,89.936,170852,0
182,DDU-DU DDU-DU,BLACKPINK,0.668,0.828,4,-5.034,0,0.0739,0.036,0.0,0.0932,0.393,140.042,211350,0
183,CHUN-LI,NICKI MINAJ,0.686,0.73,6,-5.077,0,0.374,0.278,4.76e-05,0.106,0.474,128.943,191600,0
184,I'M JUST A KID,SIMPLE PLAN,0.527,0.834,1,-5.531,1,0.0447,0.00107,0.000102,0.0993,0.422,110.065,198333,0
185,TRY ME,THE WEEKND,0.456,0.679,8,-5.778,0,0.064,0.596,0.000573,0.129,0.107,92.026,221107,0
186,WASTED TIMES,THE WEEKND,0.56,0.678,10,-6.167,0,0.0581,0.61,1.42e-05,0.111,0.29,122.585,220293,0
187,GREEN LIGHT,LORDE,0.594,0.721,2,-7.812,1,0.0957,0.0209,8.55e-06,0.0879,0.253,128.942,234653,1
188,SE PREPARÓ,OZUNA,0.739,0.821,1,-4.233,1,0.0852,0.222,9.6e-06,0.311,0.693,171.077,188080,0
189,TAKI TAKI,DJ SNAKE,0.842,0.801,8,-4.167,0,0.228,0.157,4.82e-06,0.0642,0.617,95.881,212500,1
190,WITHOUT ME,HALSEY,0.752,0.488,6,-7.05,1,0.0705,0.297,9.11e-06,0.0936,0.533,136.041,201661,1
191,CARIÑO,THE MARÍAS,0.647,0.385,0,-13.717,0,0.0295,0.402,0.0569,0.117,0.66,113.982,258714,0
192,WHAT ABOUT US,P!NK,0.491,0.588,1,-6.177,1,0.0506,0.0281,2.01e-06,0.0906,0.193,113.608,269600,1
193,COPYCAT,BILLIE EILISH,0.679,0.388,4,-10.977,0,0.0932,0.353,9.25e-05,0.341,0.234,124.909,194711,0
194,CHERRY,LANA DEL REY,0.449,0.534,8,-9.493,0,0.0494,0.048,0.0011,0.384,0.342,94.261,180902,0
195,JUST A STRANGER,KALI UCHIS,0.745,0.672,9,-5.738,1,0.0346,0.127,0.0,0.103,0.641,108.031,177697,0
196,YOUR TEETH IN MY NECK,KALI UCHIS,0.853,0.604,3,-5.794,0,0.0511,0.0696,1.65e-06,0.135,0.86,116.0,186181,0
197,SUPERCUT,LORDE,0.562,0.437,0,-10.229,1,0.052,0.219,2.18e-05,0.0806,0.15,124.852,277506,0
198,BE CAREFUL,CARDI B,0.82,0.568,6,-8.23,0,0.411,0.0256,0.0,0.0952,0.535,152.279,210787,0
199,92 EXPLORER,POST MALONE,0.798,0.733,7,-4.811,0,0.0476,0.265,1.25e-06,0.114,0.861,146.046,211427,0
200,GOOD OLD DAYS,MACKLEMORE,0.712,0.51,8,-8.162,1,0.0633,0.446,2.46e-05,0.112,0.268,122.964,240507,1
201,HUG ME,PHARRELL WILLIAMS,0.842,0.622,0,-5.437,1,0.0967,0.0684,0.0,0.33,0.587,139.927,140733,0
202,CHANTAJE,SHAKIRA,0.852,0.773,8,-2.921,0,0.0776,0.187,3.05e-05,0.159,0.907,102.034,195840,0
203,SHE LIKES ANOTHER BOY,OSCAR LANG,0.703,0.191,1,-14.078,0,0.0287,0.922,0.865,0.114,0.327,61.932,207827,0
204,WELCOME AND GOODBYE,"DREAM, IVORY",0.584,0.717,0,-5.175,0,0.0266,0.0194,0.756,0.0739,0.659,140.031,140643,0
205,NEVER FORGET YOU,ZARA LARSSON,0.583,0.732,11,-5.728,0,0.0457,0.00312,9.86e-06,0.269,0.276,145.992,213428,0
206,WHAT LOVERS DO,MAROON 5,0.799,0.597,5,-5.131,0,0.0611,0.0788,5.66e-06,0.1,0.419,110.001,199849,1
207,BAD LIAR,IMAGINE DRAGONS,0.383,0.637,3,-6.993,1,0.0703,0.0722,0.0,0.368,0.0827,177.913,260773,0
208,DILE QUE TU ME QUIERES,OZUNA,0.773,0.757,1,-4.959,1,0.0526,0.0864,3.73e-06,0.0727,0.858,88.006,226520,0
209,NO LIMIT,G-EAZY,0.838,0.771,1,-3.791,1,0.244,0.0117,0.0,0.0853,0.405,175.957,245387,1
210,STRAWBERRIES & CIGARETTES,TROYE SIVAN,0.578,0.537,9,-8.676,1,0.0832,0.162,0.0,0.076,0.25,83.909,201539,0
211,GIRLS,GIRL IN RED,0.518,0.447,5,-14.461,1,0.0338,0.23,0.0426,0.171,0.792,150.059,198400,0
212,AFFECTION,BETWEEN FRIENDS,0.394,0.565,2,-7.264,1,0.126,0.518,1.68e-06,0.0853,0.308,90.773,235226,0
213,1950,KING PRINCESS,0.6,0.535,4,-7.043,1,0.107,0.648,4.7e-06,0.162,0.269,71.912,225133,0
214,IF I KILLED SOMEONE FOR YOU,ALEC BENJAMIN,0.514,0.605,7,-5.363,1,0.0337,0.774,2.91e-06,0.121,0.409,120.894,185123,0
215,B.E.D.,JACQUEES,0.739,0.536,1,-6.501,1,0.0587,0.00368,0.0,0.0968,0.193,122.022,236147,0
216,BACK TO YOU - FROM 13 REASONS WHY – SEASON 2 SOUNDTRACK,SELENA GOMEZ,0.601,0.724,6,-4.856,1,0.0486,0.0945,1.68e-06,0.12,0.508,102.061,207905,0
217,AGAIN,NOAH CYRUS,0.664,0.738,9,-4.095,0,0.0338,0.188,5.75e-05,0.135,0.203,119.973,193962,0
218,GHOST OF YOU,5 SECONDS OF SUMMER,0.458,0.561,10,-4.819,1,0.0269,0.0965,0.0,0.156,0.206,149.875,197411,0
219,LUST FOR LIFE,LANA DEL REY,0.504,0.655,0,-8.644,0,0.0542,0.604,0.00193,0.364,0.262,99.982,264066,0
220,PRAY FOR ME,THE WEEKND,0.735,0.677,2,-4.979,1,0.093,0.0762,2.17e-05,0.111,0.188,100.584,211440,1
221,F SONG,STRAWBERRY GUY,0.236,0.511,0,-10.788,0,0.0442,0.407,0.281,0.346,0.227,80.973,224655,0
222,COMETHRU,JEREMY ZUCKER,0.795,0.178,0,-11.991,1,0.0574,0.607,0.0,0.623,0.608,93.982,181613,0
223,BOUNCE BACK,BIG SEAN,0.78,0.575,1,-5.628,0,0.139,0.106,0.0,0.129,0.273,81.502,222360,1
224,CHLORINE,TWENTY ONE PILOTS,0.609,0.674,10,-7.388,0,0.0548,0.0735,0.06,0.345,0.315,90.009,324467,0
225,REWRITE THE STARS,ZAC EFRON,0.684,0.619,10,-7.005,1,0.0386,0.0716,0.0,0.122,0.284,125.046,217440,0
226,EUPHORIA,BTS,0.637,0.799,2,-4.518,1,0.0338,0.394,0.0,0.0921,0.57,104.996,228615,0
227,"HEY LOOK MA, I MADE IT",PANIC! AT THE DISCO,0.577,0.833,5,-3.337,1,0.0695,0.0137,0.0,0.121,0.58,107.936,169667,0
228,PROMISE,JIMIN,0.692,0.534,2,-7.155,1,0.0433,0.83,5.57e-06,0.238,0.739,88.964,151011,0
229,DUSK TILL DAWN,ZAYN,0.259,0.437,11,-6.589,0,0.0386,0.102,1.32e-06,0.106,0.0951,180.042,239000,1
230,HELLO?,CLAIRO,0.839,0.473,10,-7.835,0,0.0607,0.641,0.000459,0.0939,0.0644,98.732,135016,0
231,AS THE WORLD CAVES IN,MATT MALTESE,0.331,0.45,10,-5.362,1,0.034,0.365,0.00464,0.22,0.18,123.829,218755,0
232,PLAIN JANE REMIX,A$AP FERG,0.791,0.839,11,-4.284,1,0.266,0.0588,6.26e-05,0.259,0.383,170.113,202636,0
233,WHAT IS LOVE,TWICE,0.574,0.909,8,-1.573,1,0.0658,0.0987,0.0,0.264,0.569,169.966,208240,0
234,SATURDAY NIGHTS,KHALID,0.551,0.44,10,-8.559,1,0.0985,0.606,3.02e-05,0.11,0.341,167.923,210667,0
235,REDNECKER,HARDY,0.537,0.751,7,-5.472,1,0.0344,0.0506,9.63e-05,0.1,0.51,143.962,201832,0
236,EVERYTIME,ARIANA GRANDE,0.71,0.614,10,-6.757,0,0.0431,0.186,0.0,0.0974,0.658,148.152,172107,0
237,GRINDING ALL MY LIFE,NIPSEY HUSSLE,0.6,0.716,3,-5.554,0,0.384,0.0491,0.0,0.109,0.246,180.165,175040,0
238,MOST GIRLS,HAILEE STEINFELD,0.756,0.572,9,-7.019,1,0.0763,0.0478,0.0,0.0853,0.417,102.986,204400,1
239,FRIENDS,MARSHMELLO,0.626,0.88,9,-2.384,0,0.0504,0.205,0.0,0.128,0.534,95.079,202621,1
240,WILL HE,JOJI,0.618,0.217,10,-15.372,1,0.0515,0.836,0.000163,0.538,0.0872,116.014,202103,0
241,IT'S NOT LIVING (IF IT'S NOT WITH YOU),THE 1975,0.618,0.837,1,-5.338,1,0.0304,0.000254,0.000378,0.0618,0.526,121.227,248336,0
242,IN MY BLOOD,SHAWN MENDES,0.622,0.712,5,-7.321,1,0.066,0.0573,0.0,0.13,0.487,140.025,211360,1
243,SWALLA,JASON DERULO,0.696,0.817,1,-3.862,1,0.109,0.075,0.0,0.187,0.782,98.064,216409,1
244,PERFECT PLACES,LORDE,0.622,0.58,1,-5.273,0,0.0504,0.00241,2.95e-05,0.112,0.512,104.41,221874,0
245,DESPACITO - REMIX,LUIS FONSI,0.653,0.816,2,-4.353,1,0.167,0.228,0.0,0.0967,0.816,178.085,228827,0
246,JOHN WAYNE,CIGARETTES AFTER SEX,0.429,0.457,3,-8.375,1,0.0294,0.35,0.859,0.099,0.183,124.033,258013,0
247,E,MATT MASON,0.657,0.736,9,-7.73,0,0.0768,0.0817,0.0,0.302,0.379,113.96,228827,0
248,WITHOUT YOU,AVICII,0.662,0.858,2,-4.844,1,0.0428,0.00163,0.0,0.0456,0.295,133.993,181673,0
249,FANTASY,BAZZI,0.699,0.668,5,-4.272,0,0.0336,0.154,3.2e-06,0.362,0.314,144.105,148230,0
250,DANCING IN THE MOONLIGHT,JUBËL,0.659,0.615,11,-5.865,0,0.0644,0.27,0.0,0.187,0.193,119.843,164010,0
251,SOLITA,OZUNA,0.807,0.633,10,-6.016,0,0.0929,0.0564,0.0,0.107,0.325,138.038,311726,0
252,MORE THAN YOU KNOW,AXWELL /\ INGROSSO,0.646,0.741,5,-4.973,0,0.034,0.0275,0.0,0.312,0.571,123.077,203000,0
253,FAKE LOVE,BTS,0.557,0.719,2,-4.515,0,0.0371,0.00267,0.0,0.306,0.345,77.502,242334,1
254,MONA LISA,LIL WAYNE,0.856,0.694,2,-4.393,1,0.169,0.371,0.0,0.109,0.489,122.08,324189,0
255,ALL THE KIDS ARE DEPRESSED,JEREMY ZUCKER,0.773,0.437,9,-8.281,1,0.0963,0.836,2.42e-05,0.544,0.707,103.861,169973,0
256,SEX MONEY FEELINGS DIE,LYKKE LI,0.789,0.534,8,-6.347,0,0.0709,0.323,3.42e-06,0.0645,0.631,134.055,139840,0
257,AS IF IT'S YOUR LAST,BLACKPINK,0.786,0.852,8,-2.687,1,0.0813,0.0687,0.0,0.0759,0.455,125.036,213264,0
258,I'M A MESS,BEBE REXHA,0.63,0.694,11,-6.257,0,0.0253,0.00281,0.0,0.0719,0.216,97.005,195519,1
259,JADED,DRAKE,0.764,0.271,0,-5.697,1,0.0414,0.037,0.0,0.175,0.0371,116.019,262453,0
260,LUCY,STILL WOOZY,0.647,0.537,6,-12.006,0,0.21,0.43,0.000258,0.119,0.846,84.46,142500,0
261,SPOTLIGHT,MARSHMELLO,0.546,0.822,7,-4.483,1,0.151,0.0145,0.0,0.742,0.615,150.06,177600,0
262,PARIS,THE CHAINSMOKERS,0.653,0.658,2,-6.428,1,0.0304,0.0215,1.66e-06,0.0939,0.219,99.99,221507,1
263,GO GINA,SZA,0.603,0.606,9,-6.634,1,0.114,0.799,0.0,0.391,0.462,80.176,161613,0
264,NO SE VA,MORAT,0.734,0.685,0,-5.37,1,0.0453,0.117,0.0,0.109,0.754,92.042,216753,0
265,HANDCLAP,FITZ AND THE TANTRUMS,0.636,0.836,8,-3.004,1,0.0427,0.00609,0.000157,0.0828,0.715,139.956,193253,1
266,SOBREDOSIS,ROMEO SANTOS,0.759,0.639,4,-8.085,0,0.0511,0.207,0.0,0.23,0.682,128.01,198332,0
267,IT'S A VIBE,2 CHAINZ,0.822,0.502,7,-7.38,1,0.148,0.0312,0.000887,0.114,0.525,73.003,210200,0
268,CANDY,DOJA CAT,0.689,0.516,8,-5.857,1,0.0444,0.513,0.0,0.163,0.209,124.876,190920,0
269,SO CLOSE,NOTD,0.7,0.872,10,-5.896,1,0.0666,0.121,7.08e-06,0.103,0.761,125.03,190302,0
270,SCARED TO BE LONELY,MARTIN GARRIX,0.584,0.54,1,-7.786,0,0.0576,0.0895,0.0,0.261,0.195,137.972,220883,1
271,BOY IN THE BUBBLE,ALEC BENJAMIN,0.817,0.578,11,-7.579,0,0.0824,0.224,0.00103,0.251,0.851,143.982,181705,0
272,BAD THINGS,MACHINE GUN KELLY,0.697,0.691,2,-4.757,1,0.146,0.214,0.0,0.185,0.305,137.853,239293,0
273,I DO,CARDI B,0.886,0.473,7,-7.338,0,0.255,0.27,2.58e-05,0.0864,0.438,135.065,200205,0
274,SOLO,JENNIE,0.751,0.642,3,-5.165,0,0.087,0.0861,0.0,0.0953,0.388,95.045,169567,0
275,SEX WITH A GHOST,TEDDY HYDE,0.48,0.329,11,-12.487,0,0.0329,0.874,0.00165,0.244,0.385,80.375,240230,0
276,PROM,SZA,0.805,0.702,1,-4.877,1,0.0887,0.0639,0.0,0.123,0.225,120.048,196133,0
277,BEAUTIFUL,BAZZI,0.638,0.717,2,-4.722,1,0.0337,0.346,0.0,0.105,0.249,100.027,180000,1
278,UPROAR,LIL WAYNE,0.743,0.87,1,-2.188,1,0.212,0.0595,0.0,0.299,0.884,99.079,194184,0
279,OUT OF LOVE,ALESSIA CARA,0.481,0.267,7,-9.249,1,0.0339,0.8,0.0,0.249,0.137,117.64,227693,0
280,SCOTT STREET,PHOEBE BRIDGERS,0.508,0.417,10,-9.632,1,0.0296,0.77,0.0928,0.0887,0.483,134.944,305001,0
281,GIRLS LIKE YOU,MAROON 5,0.851,0.541,0,-6.825,1,0.0505,0.568,0.0,0.13,0.448,124.959,235545,1
282,CAN'T GET OVER YOU,JOJI,0.9,0.316,9,-8.797,1,0.332,0.684,0.0771,0.0853,0.844,129.914,107077,0
283,LOVE ME LIKE YOU DO,ELLIE GOULDING,0.489,0.597,5,-6.633,0,0.0292,0.27,0.0,0.105,0.324,95.012,253520,0
284,TASTE,TYGA,0.884,0.559,0,-7.442,1,0.12,0.0236,0.0,0.101,0.342,97.994,232959,1
285,WANTED U,JOJI,0.305,0.715,7,-7.54,1,0.0554,0.105,0.0495,0.0906,0.29,82.977,251015,0
286,HOW LONG,CHARLIE PUTH,0.845,0.561,1,-5.253,0,0.0778,0.211,3.49e-06,0.0383,0.811,109.974,200853,1
287,RICH & SAD,POST MALONE,0.599,0.571,2,-4.998,1,0.0665,0.198,0.0,0.0969,0.285,151.974,206453,0
288,SAN LUIS,GREGORY ALAN ISAKOV,0.567,0.434,7,-12.755,0,0.0349,0.86,0.257,0.115,0.254,82.459,272347,0
289,BROTHER,KODALINE,0.519,0.625,10,-5.909,1,0.0482,0.349,0.0,0.121,0.21,120.103,203187,0
290,BREATHIN,ARIANA GRANDE,0.568,0.656,8,-5.413,1,0.0433,0.0211,1.37e-05,0.213,0.364,100.049,198160,1
291,LOVE IT IF WE MADE IT,THE 1975,0.472,0.745,4,-5.297,1,0.0356,0.000607,2.74e-05,0.0957,0.0631,180.06,252926,0
292,DIVE,ED SHEERAN,0.761,0.386,4,-6.158,1,0.0399,0.355,0.0,0.0953,0.526,134.943,238440,0
293,THE BUG COLLECTOR,HALEY HEYNDERICKX,0.538,0.419,10,-9.705,1,0.0353,0.777,0.329,0.0967,0.529,99.622,228460,0
294,ONLY IN MY DREAMS,THE MARÍAS,0.518,0.496,10,-11.607,1,0.0292,0.41,0.1,0.0999,0.281,143.921,170893,0
295,AMERICAN TEEN,KHALID,0.658,0.623,0,-6.934,1,0.0398,0.0683,0.0,0.321,0.207,100.436,250747,0
296,I'M THE ONE,DJ KHALED,0.599,0.667,7,-4.267,1,0.0367,0.0533,0.0,0.134,0.817,80.984,288877,1
297,COOKS,STILL WOOZY,0.45,0.583,4,-10.49,0,0.0811,0.434,0.0126,0.244,0.701,77.066,174105,0
298,CAN’T TAKE A JOKE,DRAKE,0.761,0.598,10,-7.249,0,0.182,0.126,0.0,0.0839,0.446,173.897,163974,0
299,FREAKY FRIDAY,LIL DICKY,0.755,0.599,8,-5.042,1,0.224,0.147,0.0,0.109,0.755,133.123,216632,0
300,NIGHT SHIFT,LUCY DACUS,0.48,0.311,9,-7.887,1,0.0258,0.313,1.52e-05,0.113,0.162,86.15,391829,0
301,BAD BOY,RED VELVET,0.714,0.736,2,-3.801,1,0.0457,0.191,0.0,0.0553,0.814,149.985,210818,0
302,"HOMEMADE DYNAMITE (FEAT. KHALID, POST MALONE & SZA) - REMIX",LORDE,0.781,0.548,0,-4.997,0,0.0764,0.229,0.0,0.127,0.175,106.996,214255,0
303,BALL FOR ME,POST MALONE,0.797,0.55,9,-4.166,1,0.24,0.513,0.0,0.0786,0.543,134.206,206267,0
304,COCAINE SUNDAY,EYEDRESS,0.544,0.765,4,-6.491,1,0.0259,0.00818,0.821,0.15,0.429,153.916,168740,0
305,HOW - DEMO,CLAIRO,0.649,0.428,8,-4.584,0,0.0313,0.766,0.00294,0.0816,0.514,77.057,127040,0
306,SOMEONE TO YOU,BANNERS,0.468,0.936,2,-3.683,1,0.0455,0.00568,0.0,0.24,0.663,75.05,219800,0
307,NEVER BE THE SAME,CAMILA CABELLO,0.637,0.713,0,-4.333,1,0.0747,0.181,0.000637,0.137,0.243,129.923,226973,1
308,AS THE WORLD CAVES IN,MATT MALTESE,0.327,0.449,10,-5.362,1,0.034,0.369,0.00444,0.22,0.179,123.969,218755,0
309,SAY SOMETHING,JUSTIN TIMBERLAKE,0.707,0.632,10,-7.031,1,0.0789,0.103,1.09e-05,0.0841,0.372,97.04,278893,1
310,PIED PIPER,BTS,0.583,0.712,2,-4.942,0,0.0326,0.2,0.0,0.268,0.778,94.051,245621,0
311,LOST IN JAPAN,SHAWN MENDES,0.713,0.738,10,-6.784,1,0.374,0.255,0.0,0.106,0.425,105.027,201200,0
312,NEVERMIND,DENNIS LLOYD,0.6,0.688,5,-8.339,0,0.201,0.159,1.29e-05,0.409,0.0793,99.977,156600,1
313,ICON,JADEN,0.786,0.82,9,-5.093,0,0.232,0.222,0.0,0.575,0.49,119.982,220996,0
314,ROSES,BENNY BLANCO,0.612,0.601,8,-7.089,1,0.164,0.168,0.0,0.117,0.525,147.018,223543,0
315,GO TO TOWN,DOJA CAT,0.71,0.71,0,-2.474,1,0.0579,0.0716,1.07e-06,0.206,0.7,169.944,217813,0
316,HOME,MACHINE GUN KELLY,0.653,0.718,3,-5.232,0,0.213,0.00413,0.0,0.0537,0.216,82.034,202805,0
317,SAVED,KHALID,0.739,0.448,10,-10.28,0,0.138,0.189,0.0,0.118,0.553,81.044,206533,0
318,HARVEY,HER'S,0.588,0.855,9,-6.153,1,0.0372,0.0735,0.815,0.128,0.717,141.941,211165,0
319,OVER THE MOON,THE MARÍAS,0.684,0.232,0,-13.249,1,0.0297,0.86,0.404,0.135,0.387,73.518,182900,0
320,TWO GHOSTS,HARRY STYLES,0.386,0.407,6,-7.095,0,0.0268,0.234,1.86e-06,0.0999,0.456,69.387,229813,1
321,TEENAGE MIND,TATE MCRAE,0.671,0.335,4,-9.719,0,0.0605,0.756,1.85e-06,0.109,0.115,119.369,155205,0
322,LOVE,LANA DEL REY,0.527,0.366,10,-10.943,1,0.0277,0.487,0.0023,0.11,0.234,98.994,272743,0
323,BARBIE TINGZ,NICKI MINAJ,0.917,0.679,6,-6.083,1,0.266,0.0867,0.0,0.588,0.453,102.449,191700,0
324,FETISH,SELENA GOMEZ,0.708,0.618,2,-4.424,1,0.0592,0.0204,6.81e-06,0.062,0.265,123.013,186113,1
325,ME & MY DOG,BOYGENIUS,0.487,0.509,0,-9.051,1,0.0241,0.58,0.00878,0.115,0.2,94.017,206465,0
326,LOVE IS A BITCH,TWO FEET,0.532,0.178,9,-9.754,0,0.0541,0.614,0.14,0.0985,0.103,149.879,181467,0
327,CAROLINA,HARRY STYLES,0.624,0.673,4,-4.017,0,0.0268,0.000569,1.54e-06,0.104,0.458,121.986,189613,0
328,BIG BANK,YG,0.745,0.346,1,-7.709,1,0.331,0.00552,0.0,0.0881,0.112,203.911,237240,0
329,REWRITE THE STARS,ZAC EFRON,0.684,0.619,10,-7.005,1,0.0386,0.0716,0.0,0.122,0.284,125.046,217440,0
330,YOU'RE SOMEBODY ELSE,FLORA CASH,0.713,0.452,1,-9.638,1,0.0295,0.841,0.0038,0.105,0.235,102.963,218883,0
331,WOMAN,HARRY STYLES,0.624,0.647,3,-4.68,0,0.0335,0.0169,0.0038,0.221,0.379,136.022,278800,0
332,LOOKALIKE,CONAN GRAY,0.434,0.302,10,-10.117,1,0.0378,0.766,7.63e-06,0.149,0.173,121.645,220867,0
333,4AM,GIRL IN RED,0.418,0.392,9,-13.771,1,0.0383,0.663,0.335,0.204,0.295,168.902,110862,0
334,FALLING APART,MICHAEL SCHULTE,0.543,0.333,7,-9.355,0,0.0272,0.824,3.87e-06,0.168,0.261,109.789,198573,0
335,SUPERMARKET FLOWERS,ED SHEERAN,0.589,0.242,6,-10.517,1,0.0442,0.914,0.0,0.0887,0.257,89.749,221107,0
336,LOVE SHOT,EXO,0.689,0.678,5,-4.287,0,0.119,0.0702,0.0,0.0889,0.335,145.883,200306,0
337,HORSES ARE FASTER,IAN MUNSICK,0.311,0.708,9,-6.29,1,0.0445,0.0598,1.1e-06,0.115,0.46,80.893,247250,0
338,SPRING DAY,BTS,0.539,0.846,8,-3.192,1,0.0354,0.00631,1.71e-06,0.13,0.462,106.994,274097,0
339,US,JAMES BAY,0.559,0.473,0,-4.147,1,0.0364,0.177,1.5e-06,0.108,0.341,69.973,181360,0
340,SNOWMAN,SIA,0.716,0.512,1,-6.257,1,0.0331,0.483,0.0,0.0928,0.326,104.957,165907,0
341,FUNERAL,PHOEBE BRIDGERS,0.218,0.263,11,-14.416,1,0.0376,0.947,0.00028,0.0919,0.307,170.724,232373,0
342,IN MY FEELINGS,LANA DEL REY,0.54,0.674,2,-6.351,1,0.0802,0.0553,0.0608,0.112,0.309,89.933,238719,0
343,MI BUEN AMOR,MON LAFERTE,0.4,0.541,7,-4.527,1,0.0274,0.557,2.13e-05,0.136,0.268,99.343,227587,0
344,PLAY THAT SONG,TRAIN,0.392,0.825,0,-2.068,0,0.0535,0.0231,2.25e-06,0.0972,0.482,98.959,243253,1
345,TE VI,PISO 21,0.877,0.777,1,-4.246,1,0.117,0.0446,3.46e-05,0.0863,0.706,102.02,231848,0
346,MYSTERY OF LOVE (FROM THE ORIGINAL MOTION PICTURE “CALL ME BY YOUR NAME”),SUFJAN STEVENS,0.365,0.273,4,-16.526,0,0.038,0.94,0.431,0.109,0.238,132.285,248965,0
347,DAYLILY,MOVEMENTS,0.565,0.778,2,-5.475,1,0.028,0.00195,0.00129,0.156,0.421,104.067,208853,0
348,TEST DRIVE,JOJI,0.646,0.648,3,-8.602,1,0.0372,0.71,0.00316,0.108,0.466,75.004,179423,0
349,REMEMBER THIS,NF,0.572,0.664,8,-6.362,1,0.206,0.434,0.0,0.109,0.278,79.196,240387,0
350,EACH TIME YOU FALL IN LOVE,CIGARETTES AFTER SEX,0.383,0.534,10,-8.829,1,0.0277,0.468,0.676,0.14,0.276,76.046,290160,0
351,SUE ME,SABRINA CARPENTER,0.46,0.809,6,-5.415,1,0.326,0.0422,5.04e-05,0.138,0.609,157.184,179227,0
352,LEMON BOY,CAVETOWN,0.509,0.478,4,-10.051,1,0.0392,0.185,1.4e-06,0.0891,0.323,139.926,272903,0
353,FRESH EYES,ANDY GRAMMER,0.828,0.56,0,-6.685,1,0.0327,0.548,3.66e-05,0.15,0.872,122.054,198001,0
354,SORRY,HALSEY,0.513,0.25,5,-9.376,0,0.0367,0.913,0.0,0.117,0.351,74.103,220541,0
355,WISH,DIPLO,0.57,0.903,9,-4.835,1,0.0905,0.0748,0.0,0.199,0.603,93.943,175273,0
356,EL FARSANTE,OZUNA,0.735,0.703,6,-4.249,1,0.0611,0.2,0.0,0.259,0.323,120.007,233827,0
357,DON'T WANNA KNOW,MAROON 5,0.783,0.61,7,-6.124,1,0.0696,0.343,0.0,0.0983,0.418,100.047,214265,1
358,3:15,BAZZI,0.651,0.654,1,-5.481,1,0.0466,0.385,0.0,0.181,0.539,141.975,167019,0
359,GIRLS LIKE YOU,MAROON 5,0.611,0.462,0,-7.054,1,0.0646,0.558,1.01e-06,0.131,0.377,59.635,215230,1
360,DIMPLE,BTS,0.612,0.844,5,-4.694,0,0.0757,0.14,0.0,0.289,0.652,134.872,196776,0
361,SCARED OF THE DARK,LIL WAYNE,0.443,0.623,0,-6.717,0,0.0718,0.0468,0.0,0.247,0.156,79.365,233000,0
362,NOW OR NEVER,HALSEY,0.67,0.585,6,-4.861,0,0.0354,0.107,1.11e-06,0.131,0.447,110.03,214802,1
363,D'EVILS,SIR,0.784,0.586,1,-3.417,1,0.187,0.00558,0.000286,0.106,0.656,132.169,171818,0
364,ISPY,KYLE,0.723,0.654,0,-6.82,1,0.298,0.384,0.0,0.384,0.675,149.949,252240,1
365,RING,CARDI B,0.767,0.543,1,-7.881,0,0.103,0.049,0.0,0.115,0.485,106.029,177140,0
366,"GIRL CRUSH - RECORDED AT METROPOLIS STUDIOS, LONDON",HARRY STYLES,0.468,0.197,4,-11.727,1,0.033,0.658,0.0,0.109,0.249,144.212,243805,0
367,DOWN THE LINE,BEACH FOSSILS,0.615,0.743,7,-6.569,1,0.041,0.237,0.00431,0.148,0.528,162.22,158474,0
368,SYMPHONY,CLEAN BANDIT,0.715,0.605,0,-5.128,0,0.0428,0.239,1.41e-05,0.189,0.454,122.956,212733,1
369,BALLIN,LOGIC,0.737,0.854,3,-6.414,0,0.221,0.0475,0.0,0.0905,0.65,150.621,166080,0
370,HUMBLE. - SKRILLEX REMIX,SKRILLEX,0.901,0.934,11,-2.345,1,0.273,0.00794,7.68e-05,0.194,0.868,150.037,156800,0
371,OPERA HOUSE,CIGARETTES AFTER SEX,0.319,0.293,5,-14.145,1,0.0378,0.734,0.85,0.0971,0.0689,115.481,364680,0
372,MEET ME IN THE HALLWAY,HARRY STYLES,0.537,0.383,2,-6.528,1,0.0247,0.747,0.00025,0.356,0.339,104.252,227200,0
373,SCOTT STREET,PHOEBE BRIDGERS,0.508,0.417,10,-9.632,1,0.0296,0.77,0.0928,0.0887,0.483,134.944,305001,0
374,CRUSH CULTURE,CONAN GRAY,0.522,0.765,0,-5.395,1,0.193,0.146,0.0,0.0866,0.455,180.065,204120,0
375,REWRITE THE STARS,JAMES ARTHUR,0.67,0.743,10,-4.993,1,0.0393,0.237,0.0,0.465,0.571,125.944,218293,0
376,TÚ FOTO,OZUNA,0.748,0.565,7,-5.895,1,0.0476,0.164,0.00169,0.103,0.812,175.92,193227,0
377,MARCEL,HER'S,0.625,0.645,9,-5.959,1,0.0278,0.54,0.0776,0.347,0.685,106.996,187572,0
378,44 MORE,LOGIC,0.824,0.584,10,-7.098,0,0.221,0.0718,0.0,0.106,0.219,139.965,188600,0
379,ONLY ANGEL,HARRY STYLES,0.554,0.842,5,-4.113,1,0.0397,0.287,0.0,0.106,0.348,114.036,291080,0
380,CRUSH,CIGARETTES AFTER SEX,0.401,0.505,5,-8.574,1,0.0252,0.0869,0.779,0.11,0.287,97.796,266667,0
381,JACKIE CHAN,TIËSTO,0.747,0.834,3,-2.867,0,0.045,0.374,0.0,0.0586,0.687,128.005,215760,0
382,COFFEE,BEABADOOBEE,0.532,0.137,9,-18.208,1,0.0717,0.982,0.962,0.112,0.301,118.734,126825,0
383,OVER NOW,POST MALONE,0.569,0.777,4,-4.041,0,0.0834,0.139,0.0,0.132,0.181,164.027,246987,0
384,CALMA - REMIX,PEDRO CAPÓ,0.826,0.773,11,-4.218,0,0.0524,0.323,0.0,0.143,0.761,126.899,238200,0
385,ROBARTE UN BESO,CARLOS VIVES,0.742,0.859,10,-4.942,1,0.0482,0.0824,0.0,0.359,0.652,95.046,194742,0
386,"ZERO - FROM THE ORIGINAL MOTION PICTURE ""RALPH BREAKS THE INTERNET""",IMAGINE DRAGONS,0.634,0.662,6,-7.543,1,0.0325,0.000479,0.00142,0.111,0.244,90.011,210933,0
387,FEEL GOOD,GRYFFIN,0.625,0.707,2,-4.761,1,0.0337,0.22,0.0,0.213,0.479,138.064,248156,0
388,DONTMAKEMEFALLINLOVE,CUCO,0.387,0.904,8,-4.935,1,0.0738,0.37,0.425,0.0754,0.839,103.798,207692,0
389,LA BICICLETA,CARLOS VIVES,0.745,0.944,0,-3.959,1,0.134,0.21,1.45e-06,0.333,0.951,179.991,229510,0
390,GET FREE,LANA DEL REY,0.205,0.472,10,-10.45,1,0.0718,0.498,0.000792,0.0953,0.0392,203.944,334294,0
391,TRIBE,BAS,0.755,0.594,7,-5.906,1,0.216,0.241,0.0,0.107,0.237,178.929,238053,0
392,SERENDIPITY - FULL LENGTH EDITION,BTS,0.422,0.578,8,-7.524,1,0.0548,0.443,0.0,0.231,0.227,128.921,276708,0
393,VAINA LOCA,OZUNA,0.754,0.805,6,-4.249,1,0.0752,0.315,0.0,0.203,0.555,93.982,176133,0
394,I'M WITH YOU,VANCE JOY,0.657,0.396,7,-9.255,1,0.0293,0.805,1.58e-06,0.103,0.115,110.003,239787,0
395,HEAD OVER HEELS,TEARS FOR FEARS,0.602,0.839,4,-4.251,0,0.0255,0.502,0.00128,0.095,0.653,95.159,256147,0
396,$10,GOOD MORNING,0.624,0.596,4,-9.804,1,0.0314,0.475,0.203,0.119,0.896,120.969,89509,0
397,BACK TO YOU,SELENA GOMEZ,0.6,0.683,6,-6.271,1,0.0493,0.0984,1.26e-06,0.11,0.494,102.036,210240,1
398,SHE WANTS MY MONEY,DOMINIC FIKE,0.704,0.478,9,-6.562,1,0.047,0.771,0.000516,0.0875,0.42,128.789,133560,0
399,I DON'T KNOW YOU,THE MARÍAS,0.884,0.333,9,-9.753,0,0.0617,0.293,0.0205,0.103,0.587,118.065,209450,0
400,I DON'T KNOW YOU,THE MARÍAS,0.884,0.333,9,-9.753,0,0.0617,0.293,0.0205,0.103,0.587,118.065,209450,0
401,HEY KIDS,MOLINA,0.581,0.533,4,-8.433,0,0.0274,0.0217,0.00539,0.259,0.466,87.017,233375,0
402,VELVET LIGHT,JAKOB,0.67,0.419,6,-10.523,0,0.0751,0.75,0.135,0.0976,0.513,77.919,141587,0
403,HOPELESS ROMANTIC,WIZ KHALIFA,0.877,0.477,9,-7.379,0,0.0587,0.307,0.0,0.0929,0.552,127.023,226743,0
404,DREW BARRYMORE,BRYCE VINE,0.758,0.574,11,-6.889,0,0.0572,0.46,0.00272,0.102,0.261,151.985,191147,1
405,COLD,MAROON 5,0.693,0.717,9,-6.346,0,0.107,0.14,0.0,0.0464,0.412,99.836,234308,1
406,PARANOID,POST MALONE,0.625,0.536,0,-5.428,1,0.0776,0.038,2.31e-05,0.167,0.253,159.914,221787,0
407,POP/STARS,K/DA,0.566,0.769,7,-4.342,1,0.0872,0.0183,0.0,0.108,0.385,170.036,191100,0
408,FELICES LOS 4,MALUMA,0.766,0.756,5,-5.861,1,0.132,0.213,0.0,0.349,0.716,94.027,230000,0
409,YOU,JACQUEES,0.735,0.453,8,-8.264,0,0.0602,0.413,0.0,0.104,0.335,115.002,217387,0
410,BORN TO BE YOURS,KYGO,0.688,0.688,3,-5.84,1,0.0357,0.3,0.0,0.0982,0.451,114.011,193321,0
411,EVER SINCE NEW YORK,HARRY STYLES,0.389,0.537,10,-6.761,1,0.0309,0.2,3.13e-06,0.125,0.383,127.964,253387,0
412,FML,ARIZONA ZERVAS,0.822,0.575,5,-5.95,1,0.0934,0.113,0.0,0.106,0.616,100.087,223000,0
413,YOU MIGHT BE SLEEPING,JAKOB,0.587,0.565,7,-9.249,1,0.0265,0.731,0.341,0.169,0.508,92.604,147093,0
414,ANOTHER SAD LOVE SONG,KHALID,0.834,0.472,5,-7.777,0,0.0873,0.412,6.76e-05,0.0836,0.517,107.014,244747,0
415,GOODNIGHT N GO,ARIANA GRANDE,0.708,0.454,1,-7.07,1,0.0395,0.0217,0.0,0.073,0.24,110.963,189507,0
416,DON’T MATTER TO ME,DRAKE,0.822,0.318,10,-12.391,1,0.0575,0.493,0.0128,0.11,0.138,102.998,245787,0
417,OUTRUNNING KARMA,ALEC BENJAMIN,0.416,0.649,11,-5.271,0,0.0385,0.655,2.82e-06,0.12,0.474,112.482,188851,0
418,S.L.U.T.,BEA MILLER,0.722,0.773,5,-4.378,0,0.0792,0.0598,0.0,0.179,0.724,94.997,179147,0
419,SHALLOW - RADIO EDIT,LADY GAGA,0.575,0.33,7,-6.557,1,0.031,0.416,0.0,0.0872,0.277,95.801,217213,0
420,DUSK TILL DAWN,ZAYN,0.259,0.437,11,-6.589,0,0.0386,0.102,1.32e-06,0.106,0.0951,180.042,239000,1
421,SUMMER BUMMER,LANA DEL REY,0.76,0.574,1,-8.57,1,0.126,0.0155,2.02e-05,0.199,0.137,134.981,260672,0
422,SUMMER DEPRESSION,GIRL IN RED,0.693,0.308,9,-15.635,1,0.0442,0.645,0.476,0.127,0.677,129.943,151693,0
423,HONEY,KEHLANI,0.606,0.24,3,-7.102,1,0.0369,0.772,0.0,0.0819,0.526,96.792,199210,0
424,DAZED & CONFUSED,RUEL,0.688,0.5,2,-7.411,1,0.138,0.102,0.0,0.355,0.418,127.906,189608,0
425,ALL NIGHT,THE VAMPS,0.538,0.804,8,-5.194,1,0.0358,0.0041,0.0,0.33,0.507,144.992,197640,0
426,IDOL,BTS,0.733,0.855,9,-3.211,1,0.118,0.00481,0.0,0.123,0.42,126.035,222732,0
427,"DANCE, BABY!",BOY PABLO,0.602,0.601,9,-8.521,1,0.0411,0.037,0.0046,0.312,0.856,122.017,198000,0
428,BARBIE DREAMS,NICKI MINAJ,0.85,0.787,8,-4.134,0,0.338,0.313,0.0,0.194,0.7,87.983,279867,0
429,LOST BOY,RUTH B.,0.586,0.128,7,-9.297,1,0.0496,0.963,0.0,0.0858,0.371,123.498,276067,0
430,COME OUT AND PLAY,BILLIE EILISH,0.64,0.321,0,-14.604,1,0.0931,0.693,0.0307,0.114,0.177,145.045,210376,0
431,EVERYDAY,LOGIC,0.667,0.741,1,-4.099,1,0.0378,0.0425,0.0,0.0761,0.422,149.908,204747,1
432,FOREVER YOUNG,BLACKPINK,0.605,0.949,4,-2.907,1,0.0886,0.0414,0.0,0.0746,0.506,110.01,239100,0
433,SEEING BLIND,NIALL HORAN,0.716,0.555,9,-7.57,1,0.0371,0.0372,0.0,0.105,0.483,93.973,185281,0
434,BELLA Y SENSUAL,ROMEO SANTOS,0.635,0.713,11,-6.909,1,0.0937,0.228,0.0,0.0506,0.749,179.864,204701,0
435,LOVE SCENARIO,IKON,0.806,0.707,7,-4.623,1,0.0307,0.331,0.0,0.294,0.746,118.009,209648,0
436,WOMAN,KESHA,0.743,0.765,5,-3.588,0,0.039,0.0444,0.0417,0.667,0.34,114.991,196360,1
437,WRITER IN THE DARK,LORDE,0.325,0.271,7,-8.069,1,0.0418,0.73,0.0,0.301,0.279,71.855,216611,0
438,DNA,BTS,0.599,0.775,1,-4.018,0,0.0543,0.0217,0.0,0.0678,0.696,129.817,223123,0
439,LAST TIME THAT I CHECC'D,NIPSEY HUSSLE,0.711,0.746,1,-4.224,1,0.253,0.0289,0.0,0.371,0.279,96.024,225573,0
440,WHEREVER YOU GO,BEACH HOUSE,0.545,0.416,9,-11.186,1,0.0305,0.223,0.943,0.227,0.224,128.034,206625,0
441,WAIT,MAROON 5,0.655,0.603,8,-5.014,1,0.0555,0.0959,0.0,0.107,0.452,126.088,190643,1
442,JORJA INTERLUDE,DRAKE,0.735,0.373,11,-10.478,1,0.104,0.762,0.00202,0.288,0.237,123.081,107673,0
443,HUSSLE & MOTIVATE,NIPSEY HUSSLE,0.836,0.779,7,-3.829,1,0.0519,0.00369,0.000173,0.58,0.555,119.908,258520,0
444,NO NAME,NF,0.718,0.795,0,-3.978,0,0.142,0.223,0.0,0.12,0.292,130.77,183827,0
445,PROMISES,CALVIN HARRIS,0.781,0.768,11,-5.991,1,0.0394,0.0119,4.91e-06,0.325,0.486,123.07,213309,1
446,I DON’T WANNA LIVE FOREVER (FIFTY SHADES DARKER),ZAYN,0.734,0.442,0,-8.432,1,0.0557,0.0594,1.63e-05,0.213,0.0973,117.967,245653,0
447,WHY,BAZZI,0.676,0.67,8,-6.584,1,0.0374,0.353,0.0,0.103,0.54,113.01,148260,0
448,BEAUTIFUL,BAZZI,0.666,0.677,2,-5.743,1,0.0326,0.214,0.0,0.0979,0.178,100.014,178242,1
449,SOUVENIR,BOYGENIUS,0.605,0.299,6,-11.192,0,0.0264,0.751,0.474,0.0943,0.181,109.008,212467,0
450,"DREAM, IVORY","DREAM, IVORY",0.535,0.568,1,-4.829,1,0.0285,0.0796,0.331,0.07,0.193,120.051,188266,0
451,8 LETTERS,WHY DON'T WE,0.607,0.478,1,-5.702,0,0.031,0.649,0.0,0.0928,0.255,88.979,190027,1
452,LET IT ALL WORK OUT,LIL WAYNE,0.551,0.562,11,-6.862,1,0.163,0.0218,0.0,0.302,0.438,135.872,316192,0
453,MOTEL 6,RIVER WHYLESS,0.493,0.444,4,-8.951,1,0.0333,0.299,0.00101,0.0995,0.13,168.127,195127,0
454,MYKONOS,FLEET FOXES,0.3,0.452,11,-9.298,1,0.0305,0.395,0.000834,0.137,0.342,82.985,275307,0
455,THE LOUVRE,LORDE,0.664,0.382,0,-9.977,1,0.047,0.239,0.00749,0.0943,0.126,123.214,271088,0
456,MIC DROP (STEVE AOKI REMIX) - FULL LENGTH EDITION,BTS,0.606,0.85,11,-3.952,1,0.183,0.0114,1.01e-06,0.206,0.542,170.01,307676,0
457,THE MOON SONG,BEABADOOBEE,0.405,0.0854,0,-15.488,1,0.0336,0.968,0.0121,0.139,0.148,93.768,141040,0
458,OCEAN EYES - BLACKBEAR REMIX,BILLIE EILISH,0.661,0.419,4,-9.807,0,0.0404,0.114,1.19e-05,0.0848,0.145,144.98,195307,0
459,MYSTERY OF LOVE,SUFJAN STEVENS,0.365,0.273,4,-16.526,0,0.038,0.94,0.431,0.109,0.238,132.285,248965,0
460,PERFECT STRANGERS,JONAS BLUE,0.73,0.861,1,-4.1,1,0.0451,0.39,0.0,0.213,0.704,117.965,196613,0
461,FOOL,CAVETOWN,0.675,0.464,1,-9.277,1,0.151,0.0635,0.073,0.0711,0.129,79.55,233785,0
462,WHITE MUSTANG,LANA DEL REY,0.658,0.46,6,-8.646,0,0.0444,0.456,0.00111,0.0963,0.223,114.801,164710,0
463,NICE BOYS,TEMPOREX,0.557,0.672,2,-10.802,1,0.104,0.478,0.803,0.223,0.324,75.108,180800,0
464,DONE FOR ME,CHARLIE PUTH,0.856,0.632,6,-3.692,0,0.074,0.193,0.0,0.0688,0.697,112.009,180493,1
465,I LOVE MY BOYFRIEND,PRINCESS CHELSEA,0.612,0.514,7,-7.659,0,0.0243,0.349,0.00104,0.109,0.241,75.742,246778,0
466,CHARCOAL BABY,BLOOD ORANGE,0.622,0.46,7,-8.389,0,0.0372,0.14,0.000369,0.119,0.514,183.241,242341,0
467,SYMPHONY,CLEAN BANDIT,0.707,0.629,0,-4.581,0,0.0563,0.259,1.6e-05,0.138,0.457,122.863,212459,1
468,4 AM,2 CHAINZ,0.796,0.5,1,-7.21,1,0.425,0.118,0.0,0.155,0.227,75.012,255560,0
469,PRETTY GIRL - CHEAT CODES X CADE REMIX,MAGGIE LINDEMANN,0.703,0.868,7,-4.661,0,0.0291,0.15,0.132,0.104,0.733,121.03,193613,0
470,I LOVE,JOYNER LUCAS,0.671,0.565,11,-7.401,0,0.16,0.274,6.51e-05,0.37,0.561,150.014,210197,0
471,ROSE-COLORED BOY,PARAMORE,0.768,0.826,5,-4.904,1,0.0335,0.00199,0.000374,0.031,0.926,114.997,212853,0
472,I WANNA KNOW,NOTD,0.661,0.725,6,-4.859,1,0.0563,0.0253,0.0,0.123,0.605,119.927,197939,0
473,PERFECT DUET (ED SHEERAN & BEYONCÉ),ED SHEERAN,0.587,0.299,8,-7.365,1,0.0263,0.779,0.0,0.123,0.356,94.992,259550,0
474,ROSES,BENNY BLANCO,0.613,0.6,8,-7.097,1,0.154,0.166,0.0,0.117,0.532,147.059,223543,0
475,4422,DRAKE,0.609,0.229,11,-12.36,0,0.0333,0.558,0.0413,0.113,0.19,111.887,186293,0
476,DÉJALA QUE VUELVA,PISO 21,0.681,0.788,1,-4.323,1,0.0785,0.0482,0.0,0.0753,0.839,170.019,220117,0
477,WESTCOAST COLLECTIVE,DOMINIC FIKE,0.682,0.571,1,-7.169,0,0.0271,0.542,0.00757,0.339,0.539,91.97,107280,0
478,STRIP THAT DOWN,LIAM PAYNE,0.874,0.497,6,-5.484,1,0.0562,0.22,0.0,0.0761,0.542,106.023,204502,1
479,EVERYBODY,LOGIC,0.885,0.94,1,-5.908,1,0.0913,0.161,0.0,0.0675,0.773,110.005,162347,0
480,DOUBLE UP,NIPSEY HUSSLE,0.604,0.436,2,-8.32,1,0.188,0.0544,0.000242,0.162,0.239,107.978,361280,0
481,SOMEONE YOU LOVED,LEWIS CAPALDI,0.501,0.405,1,-5.679,1,0.0319,0.751,0.0,0.105,0.446,109.891,182161,0
482,PERFECT,SIMPLE PLAN,0.494,0.672,3,-4.877,1,0.0405,0.0273,0.0,0.105,0.557,156.208,277027,0
483,THAT’S HOW YOU FEEL,DRAKE,0.85,0.473,10,-5.747,0,0.209,0.117,0.0103,0.108,0.38,85.454,157605,0
484,LOST ON YOU,LP,0.433,0.724,5,-6.126,0,0.0372,0.1,0.0,0.0918,0.689,174.006,268105,0
485,PRÉCIS,VANSIRE,0.532,0.348,10,-13.284,1,0.0283,0.96,0.757,0.103,0.301,80.998,74143,0
486,GHOST,RYAN CARAVEO,0.75,0.637,1,-8.473,1,0.0673,0.303,0.0042,0.0621,0.33,139.983,185143,0
487,BUBALU,BECKY G,0.8,0.355,6,-10.47,0,0.0895,0.616,0.0,0.118,0.253,145.929,228493,0
488,IF BY CHANCE,RUTH B.,0.405,0.279,10,-8.099,1,0.0334,0.881,0.0,0.0933,0.256,119.85,303653,0
489,I'D DO ANYTHING,SIMPLE PLAN,0.395,0.917,8,-6.86,1,0.133,0.00143,0.0,0.261,0.563,169.088,197640,0
490,KISS AND MAKE UP,DUA LIPA,0.678,0.729,8,-4.188,1,0.137,0.0658,0.0,0.303,0.643,99.895,189173,0
491,ALWAYS REMEMBER US THIS WAY,LADY GAGA,0.553,0.502,0,-5.972,1,0.0409,0.299,0.0,0.764,0.296,129.976,210200,0
492,LOVE MAZE,BTS,0.637,0.876,9,-4.652,1,0.0618,0.0483,0.0,0.0728,0.759,149.93,221529,0
493,FIVE MORE HOURS,DEORRO,0.699,0.883,5,-3.226,0,0.219,0.0288,0.0,0.817,0.499,127.961,211975,0
494,CUT TO THE FEELING,CARLY RAE JEPSEN,0.71,0.909,2,-2.777,1,0.0639,0.0135,0.00123,0.303,0.648,115.001,207960,0
495,MALIBU NIGHTS,LANY,0.559,0.422,11,-11.89,1,0.195,0.701,1.99e-06,0.0853,0.191,74.002,286928,0
496,CAN'T HELP FALLING IN LOVE,KINA GRANNIS,0.266,0.0596,0,-18.515,1,0.0363,0.905,7.07e-05,0.132,0.143,181.74,201933,0
497,ATTENTION,JOJI,0.787,0.312,7,-12.401,1,0.0383,0.895,0.0224,0.115,0.425,119.899,128888,0
498,SAY AMEN (SATURDAY NIGHT),PANIC! AT THE DISCO,0.491,0.867,6,-2.313,0,0.103,0.167,0.0,0.458,0.602,167.965,189187,0
499,DREAMS,NF,0.501,0.354,11,-13.031,0,0.177,0.354,2.66e-06,0.111,0.301,86.289,221573,0
500,EMOTIONLESS,DRAKE,0.414,0.677,1,-5.12,1,0.254,0.0248,0.0,0.0793,0.0853,172.521,302173,0
501,BIG OLE FREAK,MEGAN THEE STALLION,0.799,0.699,2,-7.694,1,0.204,0.00867,0.0,0.132,0.627,142.979,214851,0
502,VISIONS OF GIDEON,SUFJAN STEVENS,0.252,0.314,5,-18.197,0,0.0407,0.942,0.676,0.0892,0.2,75.056,247808,0
503,COMPASS,THE NEIGHBOURHOOD,0.7,0.82,5,-5.499,0,0.0329,0.238,0.318,0.658,0.667,109.998,167960,0
504,WTF,BOY PABLO,0.714,0.567,6,-10.738,1,0.0325,0.0496,0.000115,0.0586,0.954,127.972,72187,0
505,TRIVIA 轉 : SEESAW,BTS,0.707,0.791,5,-4.483,0,0.035,0.179,0.0,0.102,0.674,106.985,246334,0
506,GORGEOUS,MANSIONZ,0.833,0.545,2,-4.004,0,0.462,0.352,0.0,0.0915,0.541,77.035,148494,0
507,AIRPLANE PT.2,BTS,0.77,0.817,0,-4.092,0,0.0339,0.0265,0.000103,0.084,0.866,139.979,218615,0
508,TELEVISED,HUNNY,0.591,0.746,8,-7.762,1,0.0444,0.000729,0.0,0.127,0.432,107.965,194717,0
509,SOLEDAD Y EL MAR,NATALIA LAFOURCADE,0.726,0.177,1,-14.824,0,0.0353,0.896,2.14e-06,0.116,0.618,92.934,214547,0
510,NO PROMISES,CHEAT CODES,0.739,0.619,10,-6.669,1,0.162,0.0572,0.0,0.105,0.58,112.961,222787,1
511,BELLYACHE,BILLIE EILISH,0.695,0.573,4,-8.597,0,0.106,0.46,0.0734,0.482,0.408,99.939,179172,0
512,YOUNGBLOOD,5 SECONDS OF SUMMER,0.596,0.854,7,-5.114,0,0.463,0.0169,0.0,0.124,0.152,120.274,203418,1
513,STRAIGHTJACKET,QUINN XCII,0.838,0.546,5,-6.811,0,0.295,0.153,0.0,0.0656,0.745,137.027,206533,0
514,SPICE GIRL,AMINÉ,0.693,0.46,0,-7.912,0,0.226,0.392,0.0,0.157,0.873,78.09,173947,0
515,SAW YOU IN A DREAM,THE JAPANESE HOUSE,0.607,0.451,4,-8.206,1,0.0286,0.0604,0.0,0.19,0.676,94.054,208280,0
516,SHE NEEDS HIM,HER'S,0.504,0.58,1,-5.917,1,0.0279,0.0101,0.491,0.071,0.585,157.026,314391,0
517,PRETTY LITTLE BIRDS,SZA,0.362,0.518,1,-7.687,1,0.306,0.223,0.00314,0.316,0.348,89.667,245947,0
518,LIMERENCE,YVES TUMOR,0.325,0.322,8,-16.613,1,0.03,0.887,0.214,0.118,0.724,182.073,329361,0
519,DEMONS,JOJI,0.458,0.378,2,-11.354,0,0.15,0.416,0.0919,0.0966,0.037,168.232,176804,0
520,"DARK, DARK, DARK",GREGORY ALAN ISAKOV,0.485,0.618,2,-8.192,1,0.0637,0.829,4.22e-06,0.17,0.456,130.234,179480,0
521,LONELY TOGETHER,AVICII,0.655,0.666,5,-5.309,1,0.0612,0.134,2.12e-05,0.0683,0.272,102.977,181812,0
522,SOMETHING JUST LIKE THIS,THE CHAINSMOKERS,0.607,0.649,11,-6.695,0,0.0362,0.0306,2.46e-05,0.174,0.505,102.996,247627,1
523,MY BLOOD,TWENTY ONE PILOTS,0.749,0.723,1,-6.609,1,0.0432,0.0563,0.022,0.0977,0.674,108.999,229120,1
524,DON'T TAKE THE MONEY,BLEACHERS,0.63,0.885,1,-5.674,1,0.0406,0.000397,1.37e-06,0.206,0.289,110.072,215547,0
525,R.I.P.,JOJI,0.716,0.515,11,-9.651,0,0.0305,0.618,0.257,0.136,0.383,99.284,158726,0
526,COLD WAR,CAUTIOUS CLAY,0.654,0.47,1,-10.383,0,0.0586,0.274,0.249,0.103,0.462,77.083,202597,0
527,RISE,JONAS BLUE,0.687,0.785,1,-4.65,1,0.0333,0.327,0.0,0.203,0.655,106.046,194408,1
528,PRIVILEGE,THE WEEKND,0.404,0.564,11,-7.013,0,0.0344,0.915,0.00252,0.134,0.371,93.631,170573,0
529,EPIPHANY,BTS,0.508,0.559,2,-6.366,0,0.0276,0.288,0.0,0.131,0.329,135.866,240362,0
530,FIGURES,JESSIE REYEZ,0.6,0.139,7,-8.975,1,0.0464,0.811,9.5e-06,0.0918,0.256,171.041,240907,0
531,FALLIN' ALL IN YOU,SHAWN MENDES,0.853,0.476,8,-6.696,1,0.0361,0.405,0.0,0.111,0.796,92.038,235747,0
532,GROUPIE LOVE,LANA DEL REY,0.359,0.6,9,-7.317,1,0.0398,0.113,1.32e-06,0.0952,0.195,175.894,264038,0
533,LOVERBOY,THE MARÍAS,0.652,0.152,7,-18.704,0,0.0836,0.808,0.422,0.117,0.0742,130.47,73236,0
534,HALLELUJAH,PENTATONIX,0.364,0.378,7,-7.381,0,0.0331,0.47,0.0,0.339,0.366,89.918,268960,0
535,WESTWORLD,EVAN GIIA,0.712,0.665,11,-6.128,1,0.0514,0.206,2.7e-05,0.137,0.274,112.017,209224,0
536,12:34 AM,BILLY LEMOS,0.711,0.473,1,-11.971,1,0.116,0.656,0.0666,0.119,0.32,90.001,127000,0
537,DREAMS TONITE,ALVVAYS,0.51,0.622,2,-5.727,1,0.0242,0.0108,4.11e-06,0.127,0.424,99.934,196027,0
538,X,SCHOOLBOY Q,0.768,0.471,2,-8.406,1,0.259,0.0201,0.0,0.268,0.405,131.023,267427,0
539,TRAICIONERA,SEBASTIAN YATRA,0.775,0.679,11,-4.985,1,0.0465,0.147,0.0,0.155,0.674,91.0,229387,0
540,CRYING IN THE CLUB,CAMILA CABELLO,0.334,0.617,6,-5.834,0,0.383,0.334,0.0,0.163,0.603,85.227,216391,1
541,SOMEONE TO STAY,VANCOUVER SLEEP CLINIC,0.436,0.473,1,-7.24,1,0.0307,0.588,4.35e-05,0.103,0.242,108.906,254013,0
542,INSTAGRAM,DEAN,0.463,0.566,8,-6.195,1,0.145,0.196,0.0,0.284,0.219,93.921,255729,0
543,ROLLIN,CALVIN HARRIS,0.753,0.76,6,-4.518,0,0.0859,0.446,3.13e-05,0.182,0.657,91.953,272653,0
544,EL FARSANTE - REMIX,OZUNA,0.737,0.742,6,-2.875,1,0.0441,0.218,0.0,0.316,0.386,119.966,258000,0
545,FAST CAR,JONAS BLUE,0.672,0.578,9,-6.621,1,0.0569,0.469,0.0,0.312,0.548,113.945,212424,0
546,THE LAST OF THE REAL ONES,FALL OUT BOY,0.576,0.872,8,-5.293,1,0.0471,0.00599,0.0,0.188,0.559,115.042,230400,0
547,DOWNTOWN,ANITTA,0.775,0.679,4,-4.985,0,0.135,0.18,7.26e-05,0.068,0.619,166.008,193456,0
548,FREE SMOKE,DRAKE,0.736,0.491,10,-6.892,0,0.439,0.0681,0.0,0.571,0.203,141.979,218674,0
549,TYRANT,KALI UCHIS,0.422,0.471,3,-8.784,0,0.18,0.142,0.0,0.112,0.62,82.433,204290,0
550,NERVOUS,THE NEIGHBOURHOOD,0.589,0.614,0,-7.528,0,0.0426,0.0213,0.165,0.31,0.318,119.837,245000,0
551,NEON MOON,CIGARETTES AFTER SEX,0.48,0.488,4,-11.103,1,0.0245,0.099,0.0879,0.102,0.275,90.349,225767,0
552,TRULY MADLY DEEPLY - RECORDED AT SPOTIFY STUDIOS NYC,YOKE LORE,0.675,0.368,0,-14.072,0,0.0375,0.83,0.00158,0.136,0.176,106.004,190393,0
553,HEART ATTACK (츄),LOONA,0.663,0.857,7,-3.457,1,0.0581,0.0524,0.0,0.591,0.75,99.014,194941,0
554,DON'T CRY,LIL WAYNE,0.618,0.71,8,-6.066,1,0.331,0.407,0.0,0.183,0.233,112.014,249450,0
555,PEEK-A-BOO,RED VELVET,0.839,0.902,1,-3.612,0,0.0536,0.0868,0.00257,0.272,0.639,114.953,189050,0
556,2U,DAVID GUETTA,0.551,0.651,8,-5.828,0,0.0594,0.225,0.0,0.224,0.562,144.875,194907,1
557,PARIS,THE CHAINSMOKERS,0.646,0.644,2,-6.763,1,0.031,0.0243,0.0,0.0888,0.251,99.999,221520,1
558,LIKE THAT,BEA MILLER,0.573,0.441,6,-5.799,0,0.0758,0.186,0.0,0.61,0.389,61.657,185547,0
559,ピースサイン,KENSHI YONEZU,0.593,0.935,10,-3.853,0,0.0684,0.00221,0.0,0.315,0.618,100.003,238533,0
560,UGOTME,OMAR APOLLO,0.782,0.494,0,-1.458,1,0.0337,0.454,6.1e-05,0.134,0.402,65.832,127273,0
561,ANYTHING,SZA,0.669,0.488,0,-4.711,0,0.326,0.394,0.000649,0.0952,0.548,151.798,149320,0
562,CALL IT DREAMING,IRON & WINE,0.512,0.501,5,-9.971,1,0.0325,0.609,6.25e-05,0.0973,0.726,79.989,231755,0
563,YE,BURNA BOY,0.503,0.592,5,-5.923,0,0.444,0.0181,0.00014,0.169,0.344,201.85,231618,0
564,CHAINED TO THE RHYTHM,KATY PERRY,0.562,0.8,0,-5.404,1,0.112,0.0814,0.0,0.199,0.471,95.029,237733,1
565,LOVE & WAR - YELLOW CLAW G-FUNK REMIX,YELLOW CLAW,0.725,0.74,8,-5.08,1,0.0323,0.00156,0.000464,0.338,0.827,92.978,115547,0
566,BITE THE HAND,BOYGENIUS,0.543,0.507,10,-8.119,1,0.0269,0.374,0.0343,0.11,0.193,100.13,192071,0
567,SESAME SYRUP,CIGARETTES AFTER SEX,0.237,0.412,4,-11.384,1,0.0299,0.0417,0.451,0.107,0.364,186.955,303297,0
568,LIKEY,TWICE,0.723,0.903,4,-1.262,0,0.033,0.413,0.000377,0.118,0.443,132.006,207813,0
569,SWEETENER,ARIANA GRANDE,0.721,0.459,4,-6.408,1,0.032,0.248,0.0,0.212,0.46,119.914,208493,0
570,ELEVEN WEEKS,VANSIRE,0.302,0.411,8,-13.014,1,0.0362,0.892,0.831,0.135,0.186,183.233,185683,0
571,FUTILE DEVICES (DOVEMAN REMIX),SUFJAN STEVENS,0.462,0.187,4,-19.991,1,0.0304,0.954,0.847,0.0985,0.252,140.096,135444,0
572,SANDRA’S ROSE,DRAKE,0.486,0.849,1,-5.432,1,0.246,0.0481,0.0,0.143,0.519,152.086,216333,0
573,SAME BITCHES,POST MALONE,0.731,0.774,10,-5.273,0,0.0555,0.434,3.34e-06,0.114,0.219,100.005,212467,0
574,I'LL BE THERE,JESS GLYNNE,0.627,0.858,7,-3.116,1,0.0394,0.0288,0.0,0.199,0.399,100.074,194387,0
575,YOU ARE THE REASON - DUET VERSION,CALUM SCOTT,0.403,0.356,10,-7.547,1,0.0298,0.382,0.0,0.148,0.151,171.454,190760,0
576,HALCYON AGE,VANSIRE,0.627,0.486,11,-9.634,0,0.0307,0.338,0.143,0.188,0.686,93.055,193380,0
577,EVERYTHING,THE BLACK SKIRTS,0.54,0.373,6,-8.591,1,0.0278,0.651,0.927,0.146,0.387,119.843,293000,0
578,SOUTHERN STAR,GREGORY ALAN ISAKOV,0.559,0.343,0,-10.623,1,0.031,0.746,0.00236,0.101,0.228,132.659,139240,0
579,COGNAC QUEEN,MEGAN THEE STALLION,0.79,0.709,2,-5.806,1,0.224,0.0593,0.0,0.0794,0.26,131.079,222752,0
580,I DON'T WANNA WASTE MY TIME,JOJI,0.403,0.234,4,-17.865,1,0.0531,0.761,0.0618,0.123,0.13,144.226,164430,0
581,SUCCESSFUL,ARIANA GRANDE,0.847,0.603,0,-4.607,0,0.0397,0.107,7.4e-06,0.106,0.735,114.045,227387,0
582,THAT'S MY N****,MEEK MILL,0.723,0.732,11,-5.514,1,0.0864,0.11,0.0,0.484,0.503,104.991,199747,0
583,THE WAYS,KHALID,0.727,0.72,11,-5.856,0,0.0488,0.0626,1.21e-06,0.176,0.589,140.08,238893,0
584,DELICATE - SEEB REMIX,TAYLOR SWIFT,0.68,0.821,0,-3.77,1,0.041,0.0956,0.00315,0.0826,0.571,105.986,173266,0
585,GOOD FORM,NICKI MINAJ,0.88,0.775,7,-5.133,1,0.0953,0.113,0.00264,0.0943,0.284,96.503,199400,0
586,MYSELF,LAYTON GREENE,0.357,0.533,11,-8.126,1,0.0777,0.723,0.0,0.101,0.318,138.086,222912,0
587,R.E.M,ARIANA GRANDE,0.831,0.485,10,-6.677,0,0.15,0.375,1.47e-05,0.118,0.622,80.022,245667,0
588,134340,BTS,0.665,0.687,11,-6.466,0,0.0547,0.155,9.28e-05,0.173,0.651,106.023,230063,0
589,MYSELF,BAZZI,0.745,0.561,9,-5.513,0,0.072,0.465,1.12e-06,0.0338,0.902,195.918,167553,0
590,MOTION SICKNESS,PHOEBE BRIDGERS,0.651,0.546,1,-9.021,1,0.0357,0.774,0.0437,0.0842,0.623,107.021,229760,0
591,THE CURE,LADY GAGA,0.697,0.506,8,-4.863,1,0.0325,0.0792,0.0,0.0893,0.516,100.002,211364,1
592,SMOKE SIGNALS,PHOEBE BRIDGERS,0.265,0.237,10,-14.599,1,0.0351,0.945,0.000267,0.112,0.19,87.912,324773,0
593,HEAVEN,JULIA MICHAELS,0.552,0.371,7,-9.104,0,0.0359,0.857,0.0,0.0838,0.245,199.843,191787,0
594,SUMMER TIME HIGH TIME,CUCO,0.528,0.671,2,-3.945,1,0.0355,0.0435,1.74e-05,0.125,0.581,112.934,208067,0
595,PARTY FAVOR,BILLIE EILISH,0.826,0.188,0,-12.181,1,0.0883,0.882,2.83e-06,0.103,0.205,130.022,204770,0
596,I MISS THE OLD U,BLACKBEAR,0.717,0.804,7,-5.257,1,0.326,0.279,0.0,0.527,0.362,133.012,211128,0
597,HEAVEN,CLAIRO,0.733,0.262,0,-13.766,1,0.028,0.224,4.79e-06,0.105,0.444,135.497,233871,0
598,TAKIN' SHOTS,POST MALONE,0.762,0.621,0,-6.24,1,0.0866,0.61,0.0,0.464,0.593,120.056,216747,0
599,BETTER OFF,ARIANA GRANDE,0.597,0.524,11,-7.247,1,0.0537,0.216,0.0,0.112,0.0549,92.568,171333,0
600,LOVE SOMEONE,LUKAS GRAHAM,0.538,0.409,9,-6.581,0,0.0505,0.172,0.0,0.11,0.265,171.838,205440,1
601,IF YOU WANT TO,BEABADOOBEE,0.666,0.527,9,-5.851,1,0.034,0.109,9.02e-05,0.132,0.37,115.979,223638,0
602,PERSONAL,HRVY,0.755,0.536,8,-5.605,1,0.12,0.114,0.0,0.0282,0.882,138.969,198040,0
603,ALONE IN A ROOM,ASKING ALEXANDRIA,0.482,0.946,4,-3.23,0,0.0852,0.00251,0.0,0.0466,0.284,135.071,245861,0
604,HUNNYBEE,UNKNOWN MORTAL ORCHESTRA,0.956,0.377,6,-7.965,1,0.0804,0.566,0.414,0.313,0.566,119.993,268333,0
605,HAVE IT ALL,JASON MRAZ,0.643,0.638,1,-4.947,0,0.0407,0.204,0.0,0.0707,0.6,82.001,226107,0
606,VOID,THE NEIGHBOURHOOD,0.534,0.582,5,-7.912,1,0.0401,0.047,0.0328,0.0883,0.346,84.183,203667,0
607,THE GREATEST SHOW,PANIC! AT THE DISCO,0.546,0.839,6,-5.365,0,0.0784,0.00546,0.0,0.382,0.491,77.009,174307,0
608,REMIND ME TO FORGET,KYGO,0.685,0.508,0,-6.4,1,0.0987,0.193,0.0,0.139,0.315,99.063,217287,1
609,MOVES LIKE JAGGER,MAROON 5,0.72,0.748,11,-4.468,0,0.0464,0.0124,0.0,0.312,0.614,128.008,201240,0
610,SOBER TO DEATH,CAR SEAT HEADREST,0.512,0.543,7,-6.857,1,0.0343,0.189,0.000649,0.323,0.236,114.963,304427,0
611,THESE DAYS,RUDIMENTAL,0.653,0.809,0,-4.057,1,0.0474,0.194,0.0,0.165,0.55,92.213,210773,1
612,MAGIC SHOP,BTS,0.531,0.661,1,-5.836,1,0.0907,0.103,0.0,0.0779,0.278,149.934,275696,0
613,ZACK AND CODEINE,POST MALONE,0.738,0.824,5,-5.165,0,0.0437,0.15,0.0,0.132,0.386,138.039,204360,0
614,DANCE THE NIGHT AWAY,TWICE,0.709,0.861,0,-2.905,1,0.0941,0.106,4.73e-05,0.113,0.779,118.089,180800,0
615,PLAYINWITME,KYLE,0.689,0.584,1,-5.768,0,0.119,0.339,0.0,0.297,0.676,156.572,191680,0
616,AIN'T MY FAULT,ZARA LARSSON,0.576,0.782,6,-4.825,0,0.0296,0.00778,0.0,0.285,0.355,141.153,224031,0
617,COCKY AF,MEGAN THEE STALLION,0.628,0.621,4,-9.585,0,0.356,0.00629,0.0,0.113,0.528,130.016,177377,0
618,L.A.LOVE (LA LA),FERGIE,0.509,0.482,7,-6.965,1,0.176,0.0186,0.0,0.238,0.301,101.042,211512,0
619,DANCING ON MY OWN - TIËSTO REMIX,CALUM SCOTT,0.637,0.602,1,-5.546,1,0.0346,0.0176,0.000179,0.0818,0.291,122.019,222890,0
620,DANGEROUS,MEEK MILL,0.734,0.493,0,-7.528,1,0.308,0.0467,0.0,0.0477,0.562,86.043,233750,0
621,GANGSTA,KEHLANI,0.465,0.446,10,-8.336,0,0.0433,0.102,0.0,0.321,0.131,121.801,177773,0
622,HAPPY NOW,ZEDD,0.503,0.741,4,-5.128,1,0.047,0.579,1.49e-06,0.0712,0.458,88.335,207030,1
623,SAY MY NAME,DAVID GUETTA,0.703,0.66,10,-5.119,0,0.123,0.137,0.0,0.192,0.79,95.031,198947,0
624,DISTRACTION,KEHLANI,0.66,0.698,5,-6.266,0,0.0467,0.0266,0.0,0.296,0.396,120.959,235693,0
625,HOT GIRL,MEGAN THEE STALLION,0.761,0.637,10,-5.432,0,0.313,0.000278,0.0,0.251,0.374,185.904,196282,0
626,YES OR YES,TWICE,0.702,0.913,11,-2.977,1,0.0374,0.0514,3.72e-06,0.166,0.735,137.981,237680,0
627,SOME,BOL4,0.659,0.799,1,-2.849,0,0.0629,0.417,0.0,0.0562,0.782,103.991,181373,0
628,UNBOTHERED,OMAR APOLLO,0.645,0.486,2,-7.098,1,0.0297,0.264,0.00239,0.133,0.32,108.939,124954,0
629,TELL ME YOU LOVE ME,DEMI LOVATO,0.54,0.599,6,-5.465,1,0.0452,0.0257,0.0,0.147,0.243,82.029,236987,1
630,ONE FOOT,WALK THE MOON,0.582,0.822,0,-4.861,1,0.0365,0.00749,2.09e-06,0.818,0.471,100.025,261373,1
631,WHAT'S MY NAME,CHINA ANNE MCCLAIN,0.727,0.932,1,-4.931,1,0.16,0.098,0.0,0.211,0.662,114.032,190720,0
632,JUMPSUIT,TWENTY ONE PILOTS,0.62,0.61,11,-8.329,0,0.0373,0.00849,0.162,0.205,0.235,127.052,238560,0
633,NOTHINGS INTO SOMETHINGS,DRAKE,0.766,0.234,11,-7.544,0,0.159,0.332,0.00156,0.358,0.256,96.882,153725,0
634,NARCO,BLASTERJAXX,0.764,0.943,8,-4.047,1,0.0711,0.00784,0.104,0.0699,0.207,129.961,208635,0
635,SUGAR WRAITH,POST MALONE,0.606,0.775,5,-4.269,0,0.0671,0.262,0.0,0.1,0.307,164.02,228147,0
636,HOMEMADE DYNAMITE,LORDE,0.771,0.431,10,-5.423,1,0.0577,0.287,2.75e-06,0.0934,0.268,107.047,189796,0
637,INTO YOUR ARMS,WITT LOWRY,0.504,0.788,3,-4.113,0,0.215,0.0134,0.0,0.363,0.228,170.039,186022,0
638,HEEBIEJEEBIES - BONUS,AMINÉ,0.765,0.5,1,-7.626,1,0.152,0.423,0.0,0.108,0.495,107.043,220160,0
639,LIE TO ME,5 SECONDS OF SUMMER,0.611,0.52,0,-5.445,1,0.0346,0.0132,0.0,0.105,0.771,159.927,149878,0
640,GEORGIA,PHOEBE BRIDGERS,0.478,0.439,2,-11.877,1,0.05,0.865,0.0122,0.105,0.287,101.893,247307,0
641,JUMP OUT THE WINDOW,BIG SEAN,0.747,0.704,1,-6.743,1,0.0986,0.136,0.0,0.131,0.494,136.936,213693,0
642,SOUTHBOUND,CARRIE UNDERWOOD,0.614,0.884,0,-4.019,1,0.0402,0.00122,0.0,0.077,0.721,100.531,202853,0
643,SIN PIJAMA,BECKY G,0.791,0.745,11,-3.695,0,0.0464,0.354,2.93e-05,0.104,0.82,94.014,188560,0
644,FLIGHT 22,KALI UCHIS,0.635,0.646,10,-5.246,1,0.0462,0.415,0.00055,0.42,0.344,117.956,216983,0
645,HAPPINESS,REX ORANGE COUNTY,0.397,0.235,5,-9.774,1,0.0335,0.734,1.56e-06,0.161,0.198,105.192,279693,0
646,HOLD MY GIRL,GEORGE EZRA,0.614,0.527,10,-6.374,1,0.0302,0.597,0.0,0.11,0.354,121.941,211764,0
647,NEVER NOT,LAUV,0.471,0.22,5,-9.243,1,0.037,0.691,0.0,0.104,0.26,133.714,208000,0
648,OCEAN,MARTIN GARRIX,0.506,0.693,0,-7.265,0,0.0412,0.584,9.58e-05,0.0891,0.221,139.912,216420,0
649,NANCY MULLIGAN,ED SHEERAN,0.68,0.852,7,-4.35,1,0.0349,0.117,0.0,0.0866,0.858,101.993,179787,0
650,PERRO FIEL,SHAKIRA,0.75,0.76,1,-4.836,1,0.198,0.187,0.0,0.0548,0.893,183.817,195213,0
651,SALT IN THE WOUND,BOYGENIUS,0.417,0.361,2,-7.59,1,0.0301,0.0204,0.00167,0.0999,0.285,62.532,251470,0
652,OTHERSIDE,POST MALONE,0.652,0.643,9,-5.667,0,0.0353,0.318,2.87e-06,0.208,0.109,104.932,228227,0
653,GOOD FORM,NICKI MINAJ,0.898,0.733,7,-4.75,1,0.178,0.0533,0.000115,0.102,0.295,96.51,237493,0
654,TURN OFF THE LIGHTS,CHRIS LAKE,0.824,0.745,11,-5.49,0,0.0755,0.0467,3.29e-05,0.198,0.888,125.013,210547,0
655,TOO MUCH TO ASK,NIALL HORAN,0.443,0.533,0,-6.548,1,0.0396,0.371,0.0,0.128,0.201,77.344,223044,1
656,BEBÉ,OZUNA,0.72,0.82,9,-5.821,1,0.113,0.579,0.000171,0.18,0.533,169.758,230320,0
657,FLARE GUNS,QUINN XCII,0.812,0.472,1,-6.806,0,0.0603,0.26,0.0,0.285,0.457,92.951,240013,0
658,THE STORY OF O.J.,JAY-Z,0.741,0.718,7,-5.823,1,0.415,0.283,2.21e-06,0.23,0.576,165.848,231760,0
659,INDICA BADU,LOGIC,0.742,0.72,0,-2.876,1,0.116,0.0402,0.000846,0.0839,0.97,77.011,260320,0
660,I'LL BE GOOD,JAYMES YOUNG,0.389,0.277,7,-10.757,1,0.0323,0.698,0.0,0.0966,0.125,89.32,247347,0
661,13 BEACHES,LANA DEL REY,0.333,0.389,7,-9.132,1,0.0364,0.539,0.0772,0.163,0.25,144.204,295569,0
662,CLOSE TO ME,ELLIE GOULDING,0.575,0.758,1,-5.029,0,0.0618,0.0954,0.0,0.394,0.493,144.107,182623,0
663,SHOT DOWN,KHALID,0.767,0.512,6,-6.777,1,0.0591,0.893,0.000223,0.103,0.489,123.921,207107,0
664,ANPANMAN,BTS,0.813,0.876,1,-2.92,0,0.0922,0.024,0.0,0.287,0.757,98.989,232966,0
665,FEELINGS ARE FATAL,MXMTOON,0.545,0.169,0,-16.249,1,0.132,0.908,0.0,0.0942,0.482,98.225,124853,0
666,LET YOU GO,MACHINE GUN KELLY,0.601,0.819,10,-3.835,1,0.101,0.197,0.0,0.161,0.21,170.117,185000,0
667,WELCOME TO THE PARTY,DIPLO,0.618,0.845,2,0.175,1,0.132,0.114,0.0,0.415,0.486,171.921,181720,0
668,HAPPY NOW,KYGO,0.693,0.575,9,-6.998,1,0.0801,0.374,0.0,0.252,0.492,117.999,211362,0
669,RUIN MY LIFE,ZARA LARSSON,0.665,0.699,11,-5.265,1,0.0578,0.423,0.0,0.0969,0.585,124.896,190932,1
670,A MILLION DREAMS,P!NK,0.312,0.499,7,-6.282,1,0.0397,0.272,0.0,0.0901,0.191,148.173,273640,0
671,DANCE WITH ME,BEABADOOBEE,0.36,0.209,4,-10.293,1,0.0355,0.967,0.00326,0.153,0.227,199.95,234283,0
672,TALK TO ME,CAVETOWN,0.626,0.323,4,-9.607,1,0.0339,0.667,0.0,0.0605,0.234,130.082,277327,0
673,WHAT DO I KNOW?,ED SHEERAN,0.838,0.492,1,-5.69,0,0.038,0.251,0.0,0.262,0.895,115.092,237333,0
674,FALL INTO U,OSCAR LANG,0.307,0.187,11,-12.181,0,0.0293,0.839,0.569,0.154,0.0945,140.724,212001,0
675,HIGH ON LIFE,MARTIN GARRIX,0.414,0.486,6,-6.431,0,0.0311,0.0129,0.0,0.111,0.368,128.038,230762,0
676,BETTER OFF,JEREMY ZUCKER,0.708,0.322,8,-12.46,0,0.0371,0.747,9.24e-05,0.137,0.46,98.892,193947,0
677,SIGNAL,TWICE,0.62,0.761,0,-2.736,1,0.334,0.22,0.0,0.143,0.626,207.819,196680,0
678,DON'T WANNA CRY,SEVENTEEN,0.781,0.683,0,-4.258,1,0.0325,0.164,1.53e-06,0.16,0.722,100.005,203427,0
679,CORAZÓN,MALUMA,0.722,0.738,9,-6.073,0,0.247,0.328,1.47e-05,0.198,0.748,198.075,184720,0
680,CAPITAL LETTERS,HAILEE STEINFELD,0.661,0.814,0,-5.529,1,0.0759,0.0337,8.27e-06,0.0518,0.459,99.963,219373,0
681,CAN'T LOVE YOU ANYMORE (WITH OHHYUK),IU,0.611,0.63,9,-4.419,0,0.363,0.566,0.0,0.237,0.66,65.619,195230,0
682,CAN'T BE BROKEN,LIL WAYNE,0.58,0.577,2,-5.997,0,0.2,0.125,0.0,0.086,0.153,99.283,193243,0
683,MY LIFE,NF,0.719,0.569,5,-7.944,1,0.0461,0.272,0.0,0.0953,0.249,131.917,215600,0
684,VICTORY LAP,NIPSEY HUSSLE,0.597,0.755,4,-2.209,0,0.052,0.0423,0.0,0.582,0.0467,89.146,238333,0
685,DEDICATE,LIL WAYNE,0.879,0.662,2,-6.162,1,0.309,0.033,0.0,0.716,0.724,117.975,189909,0
686,THE TRUTH UNTOLD,BTS,0.571,0.422,1,-7.561,0,0.0422,0.374,0.0,0.127,0.169,113.016,242293,0
687,SOMEDAY,MILO MANHEIM,0.772,0.806,2,-5.043,1,0.0367,0.191,0.0,0.0685,0.577,113.024,183799,0
688,MY MY MY!,TROYE SIVAN,0.701,0.458,1,-7.749,1,0.0836,0.00407,0.000151,0.045,0.482,102.967,204727,1
689,THE EVE,EXO,0.636,0.702,0,-5.352,0,0.0334,0.0223,0.0,0.293,0.516,135.104,176026,0
690,ADDICTED,SIMPLE PLAN,0.522,0.751,1,-5.46,1,0.0435,0.000491,2.22e-06,0.158,0.605,139.51,232067,0
691,PARADISE,BTS,0.551,0.828,5,-5.523,1,0.352,0.214,0.0,0.0571,0.928,139.662,211224,0
692,COOL WITH YOU,HER'S,0.534,0.62,0,-6.775,1,0.0504,0.0124,0.000736,0.296,0.547,106.986,375656,0
693,FORGET HER,GIRL IN RED,0.532,0.312,2,-16.787,1,0.034,0.616,0.666,0.0721,0.506,148.968,143356,0
694,1942,G-EAZY,0.817,0.646,4,-5.12,0,0.249,0.0152,0.0,0.125,0.835,162.898,213080,0
695,SOMETHING FOR YOUR M.I.N.D.,SUPERORGANISM,0.698,0.542,2,-4.317,1,0.131,0.132,0.00117,0.199,0.664,140.096,165391,0
696,NICO AND THE NINERS,TWENTY ONE PILOTS,0.728,0.602,9,-7.748,0,0.185,0.0699,7.01e-06,0.318,0.328,140.081,225040,0
697,LA MODELO,OZUNA,0.574,0.734,1,-2.697,1,0.0728,0.241,0.00806,0.0962,0.769,98.023,255507,0
698,LEAVE A LIGHT ON,TOM WALKER,0.586,0.624,5,-5.946,1,0.113,0.0153,1.78e-06,0.133,0.267,68.976,185863,0
699,SHARK SMILE - EDIT,BIG THIEF,0.688,0.737,6,-9.31,0,0.0672,0.0769,0.632,0.114,0.671,131.041,194760,0
700,WOLFCAT,STILL WOOZY,0.662,0.48,2,-12.58,1,0.0542,0.749,0.000314,0.118,0.669,134.944,174222,0
701,WAVY (INTERLUDE),SZA,0.629,0.509,0,-8.1,0,0.0809,0.475,0.0,0.0727,0.389,78.99,75800,0
702,DIE YOUNG,SYLVAN ESSO,0.696,0.544,8,-6.419,1,0.0335,0.372,0.00438,0.104,0.418,101.974,210613,0
703,YOU & ME,MARC E. BASSY,0.449,0.635,1,-8.301,1,0.275,0.0413,0.0,0.188,0.608,84.414,218493,0
704,MAMA,JONAS BLUE,0.738,0.794,11,-4.118,0,0.0416,0.101,0.0,0.0533,0.566,104.014,184134,1
705,DEJA VU,PRINCE ROYCE,0.732,0.801,9,-3.859,1,0.0327,0.39,0.0,0.31,0.824,123.981,196480,0
706,FRIENDS,JUSTIN BIEBER,0.743,0.735,8,-5.337,1,0.0382,0.00389,0.0,0.304,0.631,104.979,189467,0
707,WALKING THE WIRE,IMAGINE DRAGONS,0.54,0.761,4,-5.339,1,0.0372,0.0163,0.0,0.0941,0.147,100.008,232907,0
708,DANCE TO THIS,TROYE SIVAN,0.736,0.756,11,-7.099,1,0.047,0.00632,0.00577,0.106,0.712,117.016,231847,0
709,INTRO: SINGULARITY,BTS,0.775,0.272,1,-9.126,0,0.091,0.56,0.00278,0.112,0.198,103.991,196998,0
710,SEPTEMBER SONG,JP COOPER,0.614,0.615,0,-6.7,0,0.0444,0.054,0.0,0.0921,0.374,95.941,220291,0
711,BAD BITCH,BEBE REXHA,0.656,0.615,5,-6.252,1,0.0539,0.0283,0.0,0.234,0.366,139.91,197253,0
712,NO HAY NADIE MÁS,SEBASTIAN YATRA,0.695,0.379,6,-9.096,1,0.0339,0.861,0.0,0.106,0.808,105.108,199733,0
713,SUCH A SIMPLE THING,RAY LAMONTAGNE,0.522,0.256,10,-11.216,1,0.0258,0.86,0.000806,0.142,0.13,76.349,296387,0
714,NOT TODAY,BTS,0.593,0.945,8,-3.408,1,0.126,0.00174,0.0,0.923,0.674,110.023,231860,0
715,RED FLAVOR,RED VELVET,0.709,0.917,9,-3.315,1,0.189,0.0409,0.0,0.0839,0.515,125.042,191139,0
716,GHOST IN MY HOME,POINT NORTH,0.426,0.97,4,-3.179,0,0.131,0.00772,0.0,0.129,0.424,160.034,200189,0
717,BLAME IT ON ME,POST MALONE,0.652,0.591,11,-7.274,0,0.0418,0.145,5.65e-06,0.164,0.274,121.873,261800,0
718,NO MONEY,GALANTIS,0.674,0.915,6,-3.999,0,0.0411,0.0282,0.00337,0.273,0.78,126.038,191293,0
719,TALK IS OVERRATED,JEREMY ZUCKER,0.776,0.353,4,-8.317,0,0.0687,0.435,0.0,0.302,0.658,138.035,189800,0
720,SIREN,KAILEE MORGUE,0.603,0.512,10,-6.687,0,0.0402,0.454,0.00014,0.154,0.271,145.91,200267,0
721,"PRUNE, YOU TALK FUNNY",GUS DAPPERTON,0.571,0.749,10,-7.193,0,0.0382,0.0177,0.00233,0.199,0.579,140.045,212701,0
722,TALIA,KING PRINCESS,0.401,0.507,2,-7.001,1,0.089,0.549,0.0,0.164,0.236,180.159,207720,0
723,SOME GIRLS,JAMESON RODGERS,0.429,0.831,8,-5.108,1,0.0473,0.0781,0.0,0.312,0.348,167.984,184893,0
724,THE VILLAGE,WRABEL,0.55,0.363,5,-7.326,1,0.0336,0.534,0.0,0.128,0.286,121.94,230293,0
725,HELIUM,SIA,0.42,0.396,4,-6.678,1,0.0296,0.551,0.0,0.0708,0.132,136.849,252320,0
726,POSING IN BONDAGE,JAPANESE BREAKFAST,0.798,0.528,1,-10.859,1,0.0706,0.635,0.842,0.0944,0.679,108.452,127725,0
727,FULL CIRCLE,MOVEMENTS,0.554,0.832,4,-5.536,1,0.0306,0.000746,0.0031,0.118,0.674,160.087,204787,0
728,DISEASE,BEARTOOTH,0.525,0.957,0,-3.742,1,0.0689,0.00202,3.25e-06,0.333,0.456,97.445,228373,0
729,SUNDOWN,JACK HARLOW,0.816,0.754,2,-5.922,1,0.152,0.163,0.00199,0.105,0.704,92.023,125217,0
730,KREAM,IGGY AZALEA,0.785,0.425,10,-6.665,1,0.137,0.0335,4.36e-06,0.108,0.192,174.028,166627,0
731,NO FUN,JOJI,0.809,0.483,5,-6.886,1,0.0487,0.8,0.0,0.221,0.715,96.974,168418,0
732,FAKE HAPPY,PARAMORE,0.734,0.626,7,-5.685,1,0.0458,0.076,6.54e-06,0.168,0.44,98.559,235707,0
733,BLEM,DRAKE,0.726,0.535,7,-7.804,0,0.0476,0.0533,1.38e-05,0.0984,0.375,98.067,216558,0
734,NINETY,JADEN,0.398,0.69,1,-6.809,0,0.0631,0.384,0.000437,0.129,0.174,129.904,468168,0
735,MIRROR,MADISON RYANN WARD,0.646,0.42,6,-6.21,1,0.084,0.43,0.0,0.107,0.0925,129.468,194747,0
736,UNLOCK IT (LOCK IT) - FEAT. KIM PETRAS AND JAY PARK,CHARLI XCX,0.504,0.711,9,-5.864,1,0.0452,0.0585,1.83e-05,0.382,0.5,134.824,232933,0
737,GURU,COAST MODERN,0.76,0.674,3,-6.425,1,0.0411,0.231,0.0027,0.0728,0.797,140.022,204067,0
738,FEELS GREAT,CHEAT CODES,0.522,0.833,0,-3.715,1,0.0575,0.0454,0.0,0.127,0.296,180.009,193569,1
739,IN BLOOM,NECK DEEP,0.593,0.958,7,-4.697,1,0.048,0.00347,1.3e-05,0.101,0.378,110.979,218055,0
740,WOMAN LIKE ME,LITTLE MIX,0.754,0.854,5,-3.449,0,0.0608,0.177,0.0,0.0808,0.8,75.002,229720,0
741,LOSE YOU,DRAKE,0.526,0.583,4,-9.172,1,0.376,0.699,0.0,0.372,0.378,89.837,305374,0
742,AUTUMN TOWN LEAVES,IRON & WINE,0.662,0.322,1,-15.115,1,0.0304,0.855,0.0019,0.144,0.425,115.771,195200,0
743,ROCKABYE,CLEAN BANDIT,0.717,0.73,9,-4.729,0,0.0568,0.383,0.0,0.398,0.792,102.002,251173,1
744,GO GO,BTS,0.856,0.617,10,-5.308,0,0.084,0.171,0.0,0.0857,0.759,136.081,235780,0
745,SICK BOY,THE CHAINSMOKERS,0.663,0.577,11,-7.518,0,0.0531,0.109,0.0,0.12,0.454,89.996,193200,0
746,THERE'S NO WAY,LAUV,0.755,0.625,2,-7.114,1,0.0897,0.49,0.0,0.157,0.374,147.022,174861,1
747,BEAUTIFUL TRAUMA,P!NK,0.412,0.619,7,-6.39,1,0.0723,0.0868,2.55e-06,0.4,0.234,95.943,250053,1
748,SAMAN,ÓLAFUR ARNALDS,0.583,0.0238,0,-32.244,0,0.0369,0.994,0.847,0.103,0.426,108.74,131923,0
749,HOW DO YOU KNOW IT’S NOT ARMADILLO SHELLS?,HOT MULLIGAN,0.691,0.641,1,-6.947,1,0.0309,0.0354,3.36e-05,0.0989,0.422,103.977,163509,0
750,"1, 2, 3",SOFÍA REYES,0.792,0.895,1,-3.112,0,0.0589,0.165,0.0,0.0501,0.794,94.968,201526,0
751,BLOOM LATER,JESSE®,0.513,0.318,0,-10.451,1,0.0314,0.796,0.0,0.177,0.249,81.923,160307,0
752,SHAPE OF YOU,ED SHEERAN,0.825,0.652,1,-3.183,0,0.0802,0.581,0.0,0.0931,0.931,95.977,233713,1
753,I'LL NEVER LOVE AGAIN - FILM VERSION,LADY GAGA,0.451,0.34,7,-7.466,1,0.031,0.763,2.49e-06,0.135,0.221,110.502,281067,0
754,HAMMER,POINT NORTH,0.417,0.869,1,-6.173,1,0.103,0.00157,0.0,0.405,0.665,179.972,220833,0
755,TOOTIMETOOTIMETOOTIME,THE 1975,0.667,0.824,8,-5.867,1,0.0665,0.177,0.0152,0.0933,0.518,114.998,207851,0
756,FLASH,CIGARETTES AFTER SEX,0.56,0.363,0,-10.367,0,0.0245,0.312,0.85,0.1,0.128,73.215,274107,0
757,ALL YOUR LOVE,JAKOB,0.568,0.587,11,-8.814,0,0.127,0.293,0.329,0.137,0.491,174.682,175241,0
758,LIE TO ME,5 SECONDS OF SUMMER,0.633,0.478,0,-5.571,1,0.0359,0.0115,0.0,0.103,0.692,159.951,150467,0
759,UNTITLED,REX ORANGE COUNTY,0.568,0.199,9,-9.601,1,0.101,0.905,0.0,0.131,0.329,83.827,135707,0
760,YOUNG & DUMB,CIGARETTES AFTER SEX,0.388,0.53,0,-8.87,1,0.0287,0.512,0.635,0.104,0.234,96.56,273427,0
761,LIGHT,SAN HOLO,0.57,0.763,1,-4.137,1,0.0573,0.0857,2.49e-06,0.0932,0.43,150.088,239853,0
762,DISCO TITS,TOVE LO,0.79,0.728,7,-6.523,1,0.0612,0.025,0.00106,0.172,0.333,110.059,223795,0
763,PUNTOS SUSPENSIVOS,PISO 21,0.823,0.731,11,-3.399,0,0.103,0.175,0.0,0.131,0.952,152.024,186316,0
764,SEVEN,MEN I TRUST,0.692,0.421,4,-10.948,1,0.0295,0.666,0.147,0.104,0.832,96.982,225394,0
765,SÍGUELO BAILANDO,OZUNA,0.855,0.664,9,-7.11,0,0.0607,0.165,3.97e-05,0.0937,0.626,98.015,226800,0
766,BBIBBI,IU,0.839,0.617,7,-4.692,1,0.331,0.241,0.0,0.3,0.821,143.894,194426,0
767,LA CARRETERA,PRINCE ROYCE,0.747,0.686,10,-4.802,1,0.0308,0.587,0.0,0.1,0.913,122.005,238707,0
768,REALLY,BLACKPINK,0.696,0.881,1,-2.082,1,0.104,0.0235,0.0,0.277,0.947,142.019,197789,0
769,CUANDO NADIE VE,MORAT,0.806,0.778,1,-4.577,0,0.0616,0.133,0.0,0.218,0.84,95.993,219587,0
770,ROLL IN PEACE,LAYTON GREENE,0.535,0.507,7,-6.448,0,0.224,0.723,0.0,0.0774,0.701,140.441,170343,0
771,ME ENAMORÉ,SHAKIRA,0.74,0.879,9,-2.251,0,0.105,0.193,8.25e-05,0.0928,0.948,103.71,226893,0
772,THE WAY I AM,CHARLIE PUTH,0.755,0.769,10,-5.658,0,0.186,0.314,2.38e-06,0.0628,0.642,114.966,186080,1
773,TALK IT UP,SAMMY RAE & THE FRIENDS,0.524,0.733,7,-4.669,1,0.0938,0.593,0.0,0.0931,0.674,112.716,238480,0
774,GREEN LIGHTS,NF,0.735,0.655,9,-4.374,1,0.236,0.123,0.0,0.106,0.619,160.055,181867,0
775,FEEL YOUR WEIGHT - POOLSIDE REMIX,RHYE,0.741,0.592,6,-9.059,0,0.0308,0.665,0.854,0.116,0.822,111.984,310133,0
776,THAT I MISS YOU,VANSIRE,0.779,0.572,4,-9.259,1,0.0396,0.306,0.739,0.106,0.967,114.994,140116,0
777,TRULY,CIGARETTES AFTER SEX,0.44,0.387,4,-9.792,1,0.0279,0.148,0.559,0.0844,0.267,96.556,243640,0
778,BARCELONA,ED SHEERAN,0.747,0.76,1,-4.294,1,0.187,0.448,0.0,0.153,0.682,99.975,191147,0
779,BLU,JON BELLION,0.384,0.465,0,-8.554,1,0.0341,0.29,2.22e-05,0.359,0.636,131.604,183344,0
780,ARMS,THE PAPER KITES,0.41,0.141,2,-18.564,1,0.0337,0.931,0.0898,0.118,0.239,149.884,203560,0
781,QUIT,CASHMERE CAT,0.44,0.413,0,-7.365,0,0.0407,0.105,3.4e-05,0.0997,0.141,86.911,258188,0
782,SATURNO,PABLO ALBORÁN,0.278,0.572,7,-8.295,1,0.0407,0.392,0.0,0.063,0.311,95.351,253760,0
783,TOLD YOU SO,PARAMORE,0.639,0.814,2,-5.632,0,0.0385,0.0029,2.98e-05,0.0529,0.904,123.922,188947,0
784,SHINE,PENTAGON,0.74,0.804,3,-2.187,1,0.0546,0.411,0.0,0.0578,0.791,150.013,198796,0
785,THERAPY,KHALID,0.707,0.484,9,-6.579,0,0.0481,0.891,0.00344,0.256,0.43,92.988,257960,0
786,HARD FEELINGS/LOVELESS,LORDE,0.487,0.445,1,-10.959,0,0.113,0.0328,0.0104,0.0778,0.18,97.031,367391,0
787,GIRLS LIKE YOU,MAROON 5,0.851,0.541,0,-6.825,1,0.0505,0.568,0.0,0.13,0.448,124.959,235545,1
788,MADIBA RIDDIM,DRAKE,0.839,0.521,7,-10.45,1,0.166,0.245,0.00545,0.607,0.33,105.992,205163,0
789,SOLO,CLEAN BANDIT,0.737,0.636,11,-4.546,0,0.0437,0.0441,6.66e-05,0.35,0.565,105.005,222653,1
790,I MISS YOU,CLEAN BANDIT,0.693,0.624,0,-7.482,0,0.0448,0.299,7.64e-06,0.0955,0.369,105.002,205987,1
791,GENERATION WHY,CONAN GRAY,0.561,0.684,9,-8.235,1,0.0669,0.347,2.93e-06,0.122,0.528,81.977,219680,0
792,THE BLAME,SAM GROW,0.499,0.493,1,-6.573,1,0.0357,0.594,0.0,0.133,0.139,139.732,190267,0
793,HOW CAN I FORGET,MKTO,0.796,0.53,8,-5.967,1,0.0558,0.69,0.0,0.0646,0.754,105.031,177141,0
794,EVERYTIME,BOY PABLO,0.431,0.663,2,-10.066,1,0.0351,0.0249,0.0397,0.117,0.855,203.908,172941,0
795,BEST OF ME,BTS,0.655,0.756,8,-4.388,1,0.07,0.0298,0.0,0.396,0.469,121.936,227191,0
796,RISE UP,IMAGINE DRAGONS,0.447,0.74,3,-6.607,1,0.0475,0.0122,0.000228,0.0958,0.102,93.759,231720,0
797,LAY IT ON ME,VANCE JOY,0.733,0.663,5,-5.766,1,0.0322,0.101,6.98e-06,0.0694,0.53,127.974,215493,0
798,BEES,THE BALLROOM THIEVES,0.52,0.136,0,-15.263,1,0.0351,0.774,0.0,0.139,0.428,101.552,190120,0
799,NOT YOUR BARBIE GIRL,AVA MAX,0.745,0.642,6,-4.138,0,0.0506,0.103,0.0,0.0335,0.35,120.063,186520,0
800,CHILLIN' LIKE A VILLAIN,SOFIA CARSON,0.697,0.775,8,-6.664,1,0.083,0.0318,0.0,0.232,0.826,113.886,193792,0
801,SCARY LOVE,THE NEIGHBOURHOOD,0.595,0.636,5,-5.981,0,0.0312,9.45e-05,0.0529,0.196,0.147,112.008,222667,0
802,SHE'S IN THE RAIN,THE ROSE,0.511,0.536,3,-4.411,1,0.026,0.372,0.0,0.0769,0.414,92.908,237576,0
803,OCEANS AWAY,A R I Z O N A,0.617,0.642,8,-8.624,1,0.0334,0.13,0.157,0.0929,0.221,105.885,194013,0
804,DEAR GOD,CONFETTI,0.642,0.796,11,-4.26,0,0.171,0.0646,0.0,0.0901,0.46,94.157,202258,0
805,IBIZA,OZUNA,0.69,0.71,5,-5.144,1,0.335,0.25,0.0,0.108,0.726,192.068,200747,0
806,TODAVÍA,DJ PABLITO,0.781,0.915,7,-3.158,0,0.0506,0.0805,0.000482,0.0855,0.598,113.286,203360,0
807,STFU,MANSIONZ,0.822,0.471,1,-7.303,0,0.193,0.186,0.0,0.215,0.512,135.07,230878,0
808,WAY BACK HOME,SHAUN,0.737,0.747,10,-4.818,1,0.0323,0.269,0.0,0.219,0.447,105.943,192453,0
809,SUNRISE,KYGO,0.636,0.6,6,-6.964,1,0.0288,0.211,0.0,0.141,0.476,100.051,214827,0
810,(SHE'S) JUST A PHASE,PUMA BLUE,0.423,0.378,1,-10.488,0,0.0527,0.702,0.000644,0.146,0.0897,143.432,186727,0
811,NONE OF MY BUSINESS,CHER LLOYD,0.793,0.488,2,-5.807,0,0.0462,0.428,0.0,0.0823,0.5,133.957,184005,0
812,CAN'T DO BETTER,KIM PETRAS,0.473,0.655,7,-5.144,1,0.0373,0.069,1.12e-06,0.144,0.295,131.975,188616,0
813,WALLS,THE LUMINEERS,0.609,0.44,10,-6.32,1,0.0265,0.692,0.0,0.0688,0.43,108.427,199119,0
814,DAYDREAM (백일몽),J-HOPE,0.749,0.961,8,-6.518,0,0.0874,0.00512,0.0,0.175,0.859,116.037,228759,0
815,SAINT BERNARD,LINCOLN,0.693,0.234,1,-10.995,1,0.0987,0.838,0.0,0.59,0.44,100.488,103343,0
816,PRAY,SAM SMITH,0.535,0.382,4,-9.465,0,0.0426,0.282,1.14e-05,0.0865,0.147,87.801,221596,1
817,GREEK GOD,CONAN GRAY,0.572,0.82,6,-6.4,0,0.0764,0.157,7.21e-06,0.109,0.144,139.003,236747,0
818,YA NO TIENE NOVIO,SEBASTIAN YATRA,0.632,0.832,7,-1.948,0,0.154,0.048,0.0,0.0705,0.784,182.184,198933,0
819,NEXT TO ME,IMAGINE DRAGONS,0.301,0.672,2,-4.497,1,0.0623,0.28,3.1e-05,0.0609,0.384,169.497,230289,0
820,LEMON GLOW,BEACH HOUSE,0.465,0.818,0,-7.924,1,0.03,0.446,0.976,0.232,0.53,148.427,244947,0
821,FREEDOM! '90 - REMASTERED,GEORGE MICHAEL,0.677,0.852,5,-10.856,1,0.0449,0.225,4.04e-05,0.0595,0.93,91.689,390862,0
822,CHATEAU,BLACKBEAR,0.665,0.635,11,-5.763,0,0.0446,0.0516,0.0,0.367,0.472,97.974,212927,0
823,KNOW NO BETTER,MAJOR LAZER,0.738,0.814,7,-4.414,0,0.0999,0.132,9.64e-06,0.126,0.483,119.041,225850,1
824,BESOS EN GUERRA,MORAT,0.69,0.973,2,-3.588,1,0.0492,0.126,0.0,0.101,0.772,143.957,231533,0
825,SUBEME LA RADIO,ENRIQUE IGLESIAS,0.688,0.822,0,-3.304,1,0.0537,0.0642,0.0,0.241,0.66,91.011,207680,0
826,SUPERNOVA,ANSEL ELGORT,0.766,0.622,5,-5.292,0,0.101,0.0639,0.0,0.207,0.679,140.076,191493,0
827,GOOD LIFE,G-EAZY,0.565,0.771,1,-5.22,1,0.213,0.00464,0.0,0.0568,0.573,168.385,225526,1
828,BLUE LACES 2,NIPSEY HUSSLE,0.569,0.836,4,-3.831,0,0.226,0.0276,0.0,0.479,0.0927,75.701,250920,0
829,WAY BACK HOME,SHAUN,0.745,0.739,10,-4.591,1,0.0327,0.405,0.000183,0.127,0.556,99.913,214137,0
830,5 SHOTS,GIANNI & KYLE,0.919,0.45,1,-5.737,1,0.0689,0.135,0.0,0.0577,0.448,91.975,181710,0
831,WHEN WE WERE YOUNG,LOST KINGS,0.547,0.789,8,-5.619,1,0.042,0.00871,0.0,0.1,0.345,129.916,193911,0
832,CELOSO,LELE PONS,0.746,0.703,4,-4.179,0,0.107,0.352,0.0,0.331,0.667,166.043,179693,0
833,AT THE CLUB,JACQUEES,0.795,0.668,7,-7.288,0,0.093,0.124,0.0,0.0739,0.372,92.029,173054,0
834,HEROIN,LANA DEL REY,0.352,0.41,11,-8.796,0,0.0388,0.556,0.0113,0.114,0.0952,118.721,355184,0
835,DROWN,CUCO,0.684,0.61,0,-8.185,1,0.147,0.459,0.000902,0.208,0.744,85.059,234056,0
836,ROLLIN,CALVIN HARRIS,0.754,0.762,6,-4.486,0,0.0849,0.45,6.67e-05,0.224,0.673,92.002,272667,0
837,RED SWAN,YOSHIKI,0.275,0.782,10,-4.689,1,0.0467,0.0521,2.25e-06,0.331,0.154,131.744,263720,0
838,TOMORROW NEVER CAME,LANA DEL REY,0.297,0.402,0,-9.757,1,0.0346,0.819,0.000181,0.109,0.177,138.019,307540,0
839,PERMISSION,RO JAMES,0.663,0.481,6,-4.121,0,0.0545,0.195,6.7e-05,0.0836,0.306,75.523,281512,0
840,HOPE,THE CHAINSMOKERS,0.773,0.699,1,-5.982,0,0.0958,0.488,3.6e-06,0.0814,0.513,104.941,180120,0
841,CONNECTION,ONEREPUBLIC,0.611,0.602,5,-4.89,1,0.0437,0.000837,0.0,0.112,0.624,168.154,148460,0
842,LOVE LIKE THIS,BEN RECTOR,0.637,0.14,2,-11.472,1,0.0407,0.903,0.0,0.107,0.392,139.78,214240,0
843,UNICA,OZUNA,0.653,0.859,0,-3.048,1,0.0449,0.212,0.0,0.111,0.706,174.038,218387,0
844,PAINKILLER,BEACH BUNNY,0.371,0.778,4,-7.969,1,0.0497,0.000272,0.000311,0.169,0.482,122.719,216146,0
845,FEELING LONELY,BOY PABLO,0.633,0.537,6,-10.45,0,0.0544,0.0141,3.72e-05,0.103,0.889,117.907,197947,0
846,DEAD INSIDE,YOUNGER HUNGER,0.701,0.87,6,-3.899,0,0.0359,0.051,0.0,0.276,0.768,120.031,200240,0
847,BÁILAME - REMIX,NACHO,0.646,0.865,6,-4.215,1,0.0983,0.269,4.16e-06,0.11,0.762,191.954,217093,0
848,MOMENT'S SILENCE (COMMON TONGUE),HOZIER,0.516,0.593,0,-5.09,1,0.0252,0.055,0.0401,0.111,0.53,76.018,254840,0
849,FEEL SOMETHING,JAYMES YOUNG,0.61,0.59,11,-7.325,0,0.0362,0.694,2.32e-06,0.15,0.352,137.838,217400,0
850,STITCHES,STATE CHAMPS,0.443,0.876,1,-4.488,1,0.0979,0.000558,3.35e-06,0.227,0.569,157.053,183440,0
851,WOULD YOU BE SO KIND,DODIE,0.662,0.616,4,-9.621,1,0.206,0.156,0.000222,0.126,0.614,160.071,180952,0
852,IT RUNS THROUGH ME,TOM MISCH,0.799,0.608,11,-11.026,0,0.295,0.204,0.000692,0.25,0.283,97.045,261881,0
853,THE HYPE,TWENTY ONE PILOTS,0.53,0.816,9,-6.149,1,0.0503,0.0105,0.00061,0.379,0.371,87.019,265373,0
854,HERE WE GO,WILD,0.546,0.721,0,-6.593,1,0.0277,0.0568,7.19e-05,0.116,0.353,144.975,190017,0
855,HEART TO BREAK,KIM PETRAS,0.737,0.602,11,-5.292,1,0.204,0.0393,2.74e-06,0.236,0.88,109.039,225973,0
856,RUTHLESS,THE MARÍAS,0.672,0.436,9,-11.743,1,0.0326,0.71,0.147,0.117,0.557,105.003,247455,0
857,CLANDESTINO,SHAKIRA,0.766,0.822,1,-4.126,0,0.16,0.39,3.37e-05,0.349,0.881,165.842,231921,0
858,REMIND ME TO FORGET,KYGO,0.689,0.505,0,-6.389,1,0.0933,0.158,0.0,0.138,0.312,99.017,217293,1
859,DEDICATION,NIPSEY HUSSLE,0.512,0.734,8,-5.448,0,0.438,0.431,0.0,0.226,0.168,93.995,245813,0
860,GOODPAIN,YOKE LORE,0.666,0.665,9,-5.116,0,0.0278,0.00338,0.000104,0.068,0.364,96.994,261986,0
861,"KETCHUM, ID",BOYGENIUS,0.393,0.104,0,-12.154,1,0.0339,0.908,0.0,0.389,0.214,117.851,215690,0
862,I KNOW A PLACE,MUNA,0.685,0.9,5,-4.626,0,0.151,0.137,0.0,0.2,0.779,111.991,272813,0
863,AMÁRRAME,MON LAFERTE,0.563,0.674,5,-4.554,0,0.048,0.247,0.00226,0.107,0.784,179.977,207333,0
864,THE CHAMPION,CARRIE UNDERWOOD,0.663,0.875,6,-3.301,1,0.183,0.0821,0.0,0.124,0.51,91.056,223999,0
865,NO BRAINER,DJ KHALED,0.552,0.76,0,-4.706,1,0.342,0.0733,0.0,0.0865,0.639,135.702,260000,1
866,SAD (CLAP YOUR HANDS),YOUNG RISING SONS,0.671,0.874,0,-4.188,1,0.0448,0.0829,2.72e-05,0.294,0.747,109.96,152203,0
867,YOUTH,SHAWN MENDES,0.534,0.596,6,-6.653,0,0.117,0.56,0.0,0.133,0.324,100.121,190867,0
868,3 A.M.,JESSE & JOY,0.702,0.84,0,-3.547,1,0.0879,0.0112,0.0,0.119,0.624,101.99,183573,0
869,TOMORROW,KALI UCHIS,0.644,0.591,2,-7.218,0,0.0296,0.116,3.5e-05,0.141,0.494,107.034,190375,0
870,LA VIE EN ROSE,IZ*ONE,0.699,0.907,9,-1.208,0,0.0544,0.0868,0.0,0.115,0.621,115.978,218994,0
871,LOVE SOMEONE,LUKAS GRAHAM,0.55,0.415,9,-6.557,0,0.052,0.161,0.0,0.108,0.274,172.065,205463,1
872,LEARNING TO SURVIVE,WE CAME AS ROMANS,0.588,0.829,6,-6.196,1,0.0511,0.0181,0.000462,0.153,0.495,140.041,269967,0
873,CAUGHT IN THE MIDDLE,PARAMORE,0.786,0.807,0,-5.344,1,0.0398,0.00496,7.08e-05,0.0552,0.814,92.502,214160,0
874,EDITION,REX ORANGE COUNTY,0.857,0.331,1,-10.264,1,0.219,0.807,0.0,0.106,0.261,140.949,115000,0
875,NANÃ,POLO & PAN,0.685,0.735,4,-6.337,0,0.0334,0.191,0.038,0.188,0.385,94.035,190827,0
876,GET UP 10,CARDI B,0.806,0.57,1,-6.927,1,0.246,0.0977,0.0,0.105,0.454,93.015,231453,0
877,LOVE NO MORE,LOUD LUXURY,0.766,0.674,0,-6.245,1,0.0538,0.0217,5.87e-05,0.258,0.214,121.012,168636,0
878,KILLER,KALI UCHIS,0.622,0.638,0,-6.291,1,0.043,0.129,1e-05,0.362,0.646,140.005,172357,0
879,MIC DROP,BTS,0.667,0.889,6,-4.851,1,0.0917,0.00912,0.0,0.0816,0.541,169.961,238193,1
880,SO WHAT,BTS,0.657,0.883,9,-4.294,0,0.0733,0.0238,0.0,0.0481,0.461,129.943,281521,0
881,OUTCAST,NF,0.739,0.751,2,-7.161,1,0.349,0.165,0.0,0.0599,0.321,130.176,325720,0
882,MAY 1ST,BEACH FOSSILS,0.569,0.623,2,-7.441,1,0.0274,0.0413,0.0134,0.539,0.495,139.958,178555,0
883,HURTS LIKE HELL,MADISON BEER,0.704,0.56,1,-6.791,0,0.179,0.185,0.0,0.0948,0.608,75.002,207109,1
884,GOD'S PLAN,DRAKE,0.758,0.452,7,-9.21,1,0.11,0.0322,8.29e-05,0.583,0.346,77.168,198973,1
885,THERE FOR YOU,MARTIN GARRIX,0.611,0.644,6,-7.607,0,0.0553,0.124,0.0,0.124,0.13,105.969,221904,0
886,STRANGER THINGS,JOYNER LUCAS,0.867,0.663,10,-5.838,0,0.178,0.443,0.0,0.117,0.481,121.978,219733,0
887,SEE U LATER,BLACKPINK,0.74,0.926,9,-3.965,0,0.112,0.0376,0.0,0.582,0.571,106.987,198867,0
888,SALTWATER,GEOWULF,0.552,0.828,2,-5.811,1,0.0305,0.0006,0.363,0.115,0.709,107.031,247280,0
889,BIRDS,IMAGINE DRAGONS,0.649,0.517,1,-7.428,0,0.0297,0.0146,1.63e-06,0.145,0.35,119.997,219440,0
890,BLOOD IN THE CUT,K.FLAY,0.77,0.655,2,-5.369,1,0.0316,0.118,0.0234,0.125,0.639,129.964,188707,0
891,I'LL BE THERE - CAHILL REMIX,JESS GLYNNE,0.595,0.887,7,-3.607,1,0.0387,0.00198,3.91e-05,0.0518,0.571,124.073,183992,0
892,DOG YEARS,MAGGIE ROGERS,0.644,0.561,9,-7.118,1,0.0318,0.234,0.00359,0.104,0.0615,95.014,277507,0
893,SUMMER GAMES,DRAKE,0.776,0.482,1,-11.269,1,0.0357,0.477,0.0456,0.11,0.134,136.008,247893,0
894,I SAW YOU CLOSE YOUR EYES,LOCAL NATIVES,0.385,0.604,9,-6.709,1,0.0321,0.0753,1.27e-05,0.718,0.251,77.468,216840,0
895,THE AFTERGLOW,SILVERSTEIN,0.476,0.964,8,-4.683,1,0.127,0.00556,0.0,0.268,0.724,167.112,188886,0
896,ILYSB,LANY,0.636,0.623,5,-7.016,1,0.0603,0.468,0.00453,0.351,0.389,100.026,211150,0
897,FAKING IT,CALVIN HARRIS,0.776,0.589,9,-4.543,0,0.115,0.319,0.0,0.0715,0.668,120.034,240093,1
898,BLUE,"DREAM, IVORY",0.545,0.941,4,-2.653,1,0.0283,0.0387,0.71,0.154,0.502,150.04,150023,0
899,PARA SIEMPRE,KANY GARCÍA,0.725,0.478,9,-6.814,1,0.0752,0.866,0.0,0.105,0.399,80.127,201600,0
900,LOVE SO SOFT,KELLY CLARKSON,0.808,0.581,11,-5.43,1,0.07,0.0053,1.19e-05,0.0828,0.758,130.012,172427,1
901,FEATHER IN HER HALO,MATT MASON,0.562,0.691,7,-5.849,0,0.0373,0.0254,0.0,0.31,0.441,131.974,216253,0
902,"FIRE ON FIRE - FROM ""WATERSHIP DOWN""",SAM SMITH,0.584,0.407,1,-7.356,0,0.046,0.476,0.0,0.18,0.341,115.124,246735,0
903,THIS OLE BOY,HARDY,0.516,0.833,8,-4.369,1,0.0339,0.169,0.00054,0.229,0.76,140.02,196142,0
904,RUSH,LEWIS CAPALDI,0.631,0.609,1,-7.394,1,0.0886,0.565,0.0,0.635,0.38,119.636,198351,0
905,CONSTELLATIONS,THE OH HELLOS,0.56,0.505,6,-10.534,1,0.0337,0.258,0.0,0.117,0.263,85.0,227910,0
906,BEAUTIFUL PEOPLE BEAUTIFUL PROBLEMS,LANA DEL REY,0.509,0.43,5,-8.387,1,0.0325,0.834,0.000854,0.0927,0.128,122.919,253532,0
907,MAYORES,BECKY G,0.743,0.855,5,-3.976,0,0.0436,0.141,0.0045,0.099,0.871,96.989,202453,0
908,QUEEN,LOREN GRAY,0.617,0.463,11,-7.978,0,0.0402,0.0186,0.0,0.187,0.24,83.931,160444,0
909,8 OUT OF 10,DRAKE,0.527,0.689,2,-7.87,1,0.741,0.161,0.0,0.498,0.31,170.538,195720,0
910,WAYS TO BE WICKED,DOVE CAMERON,0.625,0.98,5,-4.222,0,0.132,0.11,8.07e-06,0.409,0.408,113.027,218005,0
911,RECKLESS LOVE / EVEN IF,MASS ANTHEM,0.666,0.299,6,-7.001,1,0.03,0.854,0.0,0.103,0.218,110.564,204940,0
912,PERFECT SYMPHONY (ED SHEERAN & ANDREA BOCELLI),ED SHEERAN,0.544,0.417,8,-4.387,1,0.0247,0.586,0.0,0.085,0.207,95.156,265363,0
913,SILENCE - ILLENIUM REMIX,MARSHMELLO,0.475,0.801,4,-3.071,1,0.0381,0.0483,0.00178,0.239,0.296,141.92,205120,0
914,COCOON,MILKY CHANCE,0.743,0.659,10,-6.755,1,0.0343,0.0998,0.00028,0.0622,0.804,114.033,255160,0
915,CLAP,SEVENTEEN,0.722,0.918,8,-2.952,1,0.0607,0.141,0.0,0.409,0.831,100.024,167797,0
916,JUST MY TYPE,THE VAMPS,0.61,0.87,2,-4.012,0,0.0693,0.00299,0.0,0.064,0.523,125.014,211360,0
917,CHERRY BOMB,NCT 127,0.713,0.603,6,-4.896,0,0.287,0.000759,5.51e-06,0.0453,0.799,78.027,236667,0
918,BLACK ROVER,VICKEBLANKA,0.592,0.937,11,-4.905,1,0.0442,0.00139,1.74e-05,0.189,0.529,102.073,209573,0
919,HOLY,KING PRINCESS,0.614,0.585,10,-9.483,1,0.164,0.134,0.000129,0.0948,0.211,169.905,174667,0
920,OUT LIKE A LIGHT,THE HONEYSTICKS,0.522,0.458,11,-7.785,1,0.0275,0.17,0.00244,0.072,0.359,125.973,256019,0
921,DEAD,MADISON BEER,0.597,0.7,2,-4.969,0,0.192,0.4,0.0,0.183,0.553,103.209,194827,0
922,TAKE ON THE WORLD,YOU ME AT SIX,0.557,0.532,2,-6.467,1,0.0307,0.16,4.42e-06,0.0999,0.122,103.992,271307,0
923,KMT,DRAKE,0.875,0.6,1,-6.818,1,0.0435,0.0189,0.0143,0.132,0.0906,119.987,162638,0
924,BEAUTY AND THE BEAST,ARIANA GRANDE,0.489,0.54,6,-7.046,1,0.0288,0.126,0.0,0.103,0.27,81.4,227928,0
925,SWISH SWISH,KATY PERRY,0.838,0.705,5,-5.201,0,0.0449,0.0184,1.82e-05,0.102,0.583,119.953,242520,1
926,FIRST TIME,SEVEN LIONS,0.422,0.677,11,-5.76,1,0.0365,0.251,3.55e-06,0.16,0.146,150.131,297782,0
927,WHY,NF,0.737,0.77,10,-7.753,0,0.51,0.368,0.0,0.306,0.431,158.351,188990,0
928,SHINE,AMINÉ,0.704,0.517,5,-7.999,0,0.312,0.314,6.36e-06,0.174,0.443,139.857,150000,0
929,QUICKSAND,SZA,0.803,0.69,3,-5.89,1,0.269,0.0781,0.0,0.117,0.444,103.985,242200,0
930,ILOVEYOU,BETWEEN FRIENDS,0.631,0.588,7,-6.941,0,0.0478,0.114,1.58e-05,0.318,0.345,91.946,166359,0
931,BACK TO YOU,LOUIS TOMLINSON,0.683,0.53,5,-4.918,0,0.142,0.207,0.0,0.394,0.645,75.016,190428,1
932,GOOD DRANK,2 CHAINZ,0.836,0.776,4,-0.804,0,0.239,0.274,0.0,0.113,0.37,130.033,222707,0
933,MACHINE,IMAGINE DRAGONS,0.638,0.679,4,-5.278,1,0.0425,0.0016,0.00655,0.121,0.596,81.045,181880,0
934,ANSWER : LOVE MYSELF,BTS,0.568,0.793,1,-3.749,1,0.0406,0.189,0.0,0.111,0.45,108.051,251280,0
935,CRASH,EDEN,0.503,0.212,0,-12.735,0,0.0658,0.872,0.000293,0.12,0.185,118.492,232412,0
936,TRUST FUND BABY,WHY DON'T WE,0.624,0.785,8,-3.337,1,0.0498,0.0629,0.0,0.135,0.593,163.929,184460,1
937,SAVAGE,BAHARI,0.728,0.428,3,-7.368,0,0.0469,0.869,0.0,0.1,0.434,98.024,164133,0
938,10 FEET DOWN,NF,0.62,0.835,5,-6.634,0,0.0984,0.0964,1.23e-05,0.269,0.0535,96.09,217107,0
939,FALLING ASLEEP,DOMINIC FIKE,0.641,0.596,7,-5.953,1,0.0434,0.515,1.1e-05,0.0627,0.729,160.982,108533,0
940,CHERRY,CHROMATICS,0.655,0.782,7,-6.388,0,0.0355,0.0336,0.228,0.175,0.812,108.245,271952,0
941,FUCK YOU AND ALL YOUR FRIENDS,FALLING IN REVERSE,0.34,0.985,4,-2.505,1,0.236,0.000198,2.76e-06,0.39,0.254,172.026,191248,0
942,IT'S GOIN' DOWN,DOVE CAMERON,0.478,0.851,6,-5.936,0,0.377,0.0848,0.0,0.48,0.575,155.856,252218,0
943,I'M FINE,BTS,0.511,0.84,11,-2.781,0,0.103,0.00852,0.0,0.346,0.303,87.605,240339,0
944,SHRIKE,HOZIER,0.387,0.278,7,-8.454,0,0.0318,0.464,0.00527,0.102,0.0632,153.426,300707,0
945,LA DI DA,LENNON STELLA,0.689,0.679,7,-5.893,1,0.0517,0.195,0.00111,0.224,0.475,149.972,209773,0
946,MORPH,TWENTY ONE PILOTS,0.734,0.607,8,-7.249,0,0.0806,0.0747,0.000577,0.0968,0.518,90.023,258853,0
947,HOTTER THAN HELL,DUA LIPA,0.532,0.868,3,-4.23,0,0.0908,0.011,0.0,0.0584,0.529,110.127,187958,0
948,24/7,MEEK MILL,0.657,0.711,0,-5.355,1,0.374,0.0135,0.0,0.221,0.368,86.957,221522,0
949,KICK IT TO ME,SAMMY RAE & THE FRIENDS,0.597,0.675,2,-6.431,1,0.0569,0.533,1.45e-05,0.168,0.823,160.057,387600,0
950,BROKEN HEART,ESCAPE THE FATE,0.528,0.861,2,-4.309,1,0.0518,0.0108,0.0,0.268,0.591,95.02,187372,0
951,BURNED,GRACE VANDERWAAL,0.586,0.449,0,-7.729,0,0.0277,0.653,0.0,0.0681,0.19,95.04,191533,0
952,LET ME,ZAYN,0.46,0.566,9,-5.637,1,0.0502,0.239,5.96e-06,0.0967,0.189,168.408,185373,1
953,THE CHAMPION - BONUS TRACK,CARRIE UNDERWOOD,0.529,0.87,8,-3.32,0,0.327,0.0529,0.0,0.0946,0.36,182.1,222507,0
954,HEART SHAKER,TWICE,0.564,0.944,8,-0.532,1,0.0647,0.105,0.0,0.154,0.857,164.062,186893,0
955,ELEVATE,DRAKE,0.758,0.474,1,-8.72,1,0.147,0.0152,0.0,0.116,0.0542,76.061,184960,0
956,BABY DON’T STOP,NCT,0.827,0.739,8,-6.391,1,0.0744,0.0214,4.13e-06,0.043,0.352,95.999,183020,0
957,WHEN U COME AROUND,SPENCER.,0.732,0.367,4,-20.482,1,0.254,0.484,0.865,0.11,0.0472,159.923,72016,0
958,YOU SAY I'M IN LOVE,BANES WORLD,0.625,0.285,1,-16.686,0,0.0537,0.438,0.00279,0.192,0.357,140.02,176761,0
959,BIRTHDAY SUIT,COSMO SHELDRAKE,0.803,0.505,8,-8.012,1,0.109,0.833,0.000107,0.115,0.74,124.873,73947,0
960,NAKED,JAMES ARTHUR,0.529,0.607,6,-6.781,1,0.0574,0.104,0.0,0.0631,0.238,101.966,234107,0
961,HOOKED,WHY DON'T WE,0.623,0.624,1,-5.469,1,0.0595,0.0941,0.0,0.119,0.347,180.016,204907,0
962,LIKE GOLD,VANCE JOY,0.477,0.712,7,-6.759,1,0.0653,0.224,8.36e-06,0.118,0.407,109.965,224400,0
963,YOUR SIDE OF THE BED - STEVE REECE REMIX,LOOTE,0.751,0.675,8,-4.654,1,0.0273,0.0698,0.0,0.131,0.596,109.991,162200,0
964,KO KO BOP,EXO,0.749,0.85,0,-4.346,1,0.0468,0.0319,4.81e-05,0.0678,0.672,145.983,190423,0
965,THERE YOU ARE,ZAYN,0.452,0.688,0,-4.84,0,0.0385,0.0263,0.0,0.11,0.313,76.99,199600,0
966,HÉROE FAVORITO,ROMEO SANTOS,0.799,0.655,1,-6.34,1,0.0485,0.659,0.0,0.135,0.82,128.038,239824,0
967,YOUNGER,RUEL,0.745,0.477,11,-7.706,0,0.088,0.202,0.0,0.12,0.454,136.055,222320,0
968,WANT YOU BACK,5 SECONDS OF SUMMER,0.618,0.867,0,-4.915,1,0.0439,0.00699,1.03e-06,0.202,0.579,98.03,173082,1
969,FIRST TIME,KYGO,0.633,0.592,0,-7.245,0,0.112,0.197,0.0,0.099,0.679,90.066,193511,0
970,SUNCITY,KHALID,0.694,0.63,7,-6.84,0,0.162,0.0998,0.000635,0.12,0.341,90.045,189493,0
971,I FEEL GOOD ABOUT THIS,THE MOWGLI'S,0.525,0.841,7,-6.049,1,0.0418,0.00431,0.0,0.146,0.493,119.856,201528,0
972,LET IT FLY,LIL WAYNE,0.902,0.819,1,-3.321,1,0.316,0.041,0.0,0.106,0.745,89.0,186872,0
973,ANXIETY,BLACKBEAR,0.652,0.715,0,-5.919,1,0.0388,0.0291,0.0,0.156,0.617,97.981,191036,0
974,CHUN SWAE,NICKI MINAJ,0.851,0.421,10,-8.022,0,0.0644,0.0654,0.00141,0.136,0.21,140.992,370440,0
975,EYES CLOSED,HALSEY,0.581,0.684,1,-4.962,0,0.0429,0.0179,1.93e-05,0.0849,0.0397,129.966,202439,0
976,ESA PARED,LEO DAN,0.372,0.401,9,-6.883,1,0.0341,0.329,7.75e-06,0.693,0.748,202.038,174400,0
977,STARGAZING,KYGO,0.677,0.497,5,-5.763,1,0.0809,0.152,0.0,0.0911,0.419,99.137,236853,0
978,PETE DAVIDSON,ARIANA GRANDE,0.652,0.31,4,-10.212,1,0.0509,0.43,1.16e-05,0.182,0.304,119.913,73813,0
979,ESTÁ RICO,MARC ANTHONY,0.817,0.74,11,-4.566,0,0.283,0.266,0.0,0.0992,0.674,130.04,215151,0
980,LIVE SHECK WES,SHECK WES,0.781,0.617,0,-7.82,1,0.252,0.000732,0.0467,0.158,0.506,139.973,147347,0
981,WINTER,KHALID,0.678,0.575,1,-7.086,1,0.123,0.101,9.38e-06,0.116,0.367,100.007,241867,0
982,NO STYLIST,FRENCH MONTANA,0.765,0.704,5,-4.589,0,0.127,0.0215,0.0,0.227,0.498,147.055,192172,0
983,BED,NICKI MINAJ,0.757,0.73,7,-6.304,1,0.185,0.0342,5.87e-05,0.136,0.452,90.013,189533,1
984,BBOOM BBOOM,MOMOLAND,0.785,0.744,3,-4.249,0,0.0369,0.0149,0.00666,0.0661,0.833,126.018,208863,0
985,DESTINO O CASUALIDAD,MELENDI,0.557,0.525,2,-6.324,1,0.149,0.524,0.0,0.113,0.362,153.247,258504,0
986,FRIDAY I’M IN LOVE - RECORDED AT SPOTIFY STUDIOS NYC,PHOEBE BRIDGERS,0.448,0.123,7,-15.193,1,0.0409,0.948,0.0,0.0816,0.143,123.491,220813,0
987,NOTHING MORE THAN THAT,THE PAPER KITES,0.555,0.099,11,-20.199,0,0.0324,0.939,0.596,0.108,0.28,84.431,181613,0
988,MARMALADE,MACKLEMORE,0.922,0.583,5,-4.982,1,0.0753,0.0098,0.0,0.0962,0.494,136.043,261615,0
989,SINCERITY IS SCARY,THE 1975,0.664,0.524,2,-5.178,1,0.0283,0.0495,8.18e-06,0.075,0.475,91.027,225956,0
990,MOVES,BIG SEAN,0.812,0.522,2,-5.287,1,0.257,0.0433,0.0,0.154,0.38,75.524,142907,0
991,THE DAY,PORNOGRAFFITTI,0.512,0.933,1,-4.759,0,0.0738,0.000761,0.0,0.342,0.465,92.998,241627,0
992,HOW WOULD YOU FEEL (PAEAN),ED SHEERAN,0.617,0.439,9,-5.63,1,0.0269,0.424,0.0,0.127,0.242,139.979,280533,0
993,ALWAYS BEEN YOU,QUINN XCII,0.731,0.588,3,-5.217,1,0.0749,0.334,0.0,0.278,0.449,80.019,235720,0
994,OCEAN EYES - ASTRONOMYY REMIX,BILLIE EILISH,0.594,0.481,4,-8.525,0,0.0353,0.629,0.0126,0.0939,0.0671,144.941,296267,0
995,RAP DEVIL,MACHINE GUN KELLY,0.895,0.839,0,-4.512,1,0.227,0.217,3e-06,0.239,0.756,149.951,286117,0
996,HOME WITH YOU,MADISON BEER,0.631,0.6,7,-6.137,0,0.0873,0.0646,0.0,0.0952,0.732,170.128,190576,1
997,DREAMS,BAZZI,0.663,0.666,6,-5.441,1,0.125,0.583,3.85e-06,0.222,0.605,159.983,147021,0
998,NO FRAUDS,NICKI MINAJ,0.867,0.558,1,-6.975,1,0.258,0.0884,4.05e-06,0.541,0.432,139.061,272453,0
999,BLOW YOUR MIND (MWAH),DUA LIPA,0.654,0.796,2,-4.761,0,0.122,0.0188,0.0,0.0948,0.491,108.854,178583,1
